section,section_label,k,beta,rule,variant,variant_label,success_denominator,min_successful_digital,count_k,threshold_treatment,treatment_label,theta_mean,pi,seed_strategy,seed_fraction,pioneer_strategy,replacement_digital_rule,realised_mean_degree,avg_path_length,clustering,giant_component_fraction,cascade_prob,final_adoption_median,final_adoption_p05,final_adoption_p95,t10_median,t10_p05,t10_p95,t50_median,t50_p05,t50_p95,t90_median,t90_p05,t90_p95,transition_time_median,transition_time_p05,transition_time_p95,max_slope_median,max_slope_p05,max_slope_p95,n_runs,cascade_prob_ci_low,cascade_prob_ci_high
L_ignition,L ignition,20,0.7,complex,success_min2,fractional success + >=2,better,2,1,mixture,mixture pi=5%,0.96,0.05,clustered,0.001,random,traditional_only,20.0,2.6498898898898897,0.0347266484363756,1.0,0.0,0.001,0.0,0.001,,,,,,,,,,,,,0.0,0.0,0.0,60,0.0,0.06017393047793289
L_ignition,L ignition,20,0.7,complex,success_min2,fractional success + >=2,better,2,1,mixture,mixture pi=5%,0.96,0.05,clustered,0.005,random,traditional_only,20.0,2.6498898898898897,0.0347266484363756,1.0,0.0,0.005,0.003,0.011,,,,,,,,,,,,,0.001,0.0,0.002,60,0.0,0.06017393047793289
L_ignition,L ignition,20,0.7,complex,success_min2,fractional success + >=2,better,2,1,mixture,mixture pi=5%,0.96,0.05,clustered,0.01,random,traditional_only,20.0,2.6498898898898897,0.0347266484363756,1.0,0.0,0.017,0.009,0.18749999999999997,55.0,41.25,81.99999999999997,,,,,,,,,,0.002,0.0009999999999999992,0.0081,60,0.0,0.06017393047793289
L_ignition,L ignition,20,0.7,complex,success_min2,fractional success + >=2,better,2,1,mixture,mixture pi=5%,0.96,0.05,clustered,0.02,random,traditional_only,20.0,2.6498898898898897,0.0347266484363756,1.0,0.05,0.489,0.27315000000000006,0.6572499999999993,19.0,11.9,47.0,77.0,49.75,97.65,80.5,77.35,83.65,61.0,38.05,81.65,0.015999999999999986,0.009000000000000008,0.024499999999999994,60,0.01714919117914121,0.13700734625099836
L_ignition,L ignition,20,0.7,complex,success_min2,fractional success + >=2,better,2,1,mixture,mixture pi=5%,0.96,0.05,clustered,0.05,random,traditional_only,20.0,2.6498898898898897,0.0347266484363756,1.0,1.0,0.905,0.58995,0.923,3.0,2.0,4.049999999999997,23.0,18.0,34.05,52.0,36.8,81.99999999999994,20.0,15.0,31.049999999999997,0.033500000000000016,0.025999999999999995,0.03899999999999993,60,0.9398260695220669,0.9999999999999999
L_ignition,L ignition,20,0.7,complex,success_min2,fractional success + >=2,better,2,1,mixture,mixture pi=5%,0.96,0.05,hub_bridge,0.001,random,traditional_only,20.0,2.6498898898898897,0.0347266484363756,1.0,0.0,0.001,0.0,0.001,,,,,,,,,,,,,0.0,0.0,0.0,60,0.0,0.06017393047793289
L_ignition,L ignition,20,0.7,complex,success_min2,fractional success + >=2,better,2,1,mixture,mixture pi=5%,0.96,0.05,hub_bridge,0.005,random,traditional_only,20.0,2.6498898898898897,0.0347266484363756,1.0,0.0,0.008,0.005,0.04369999999999956,50.0,49.1,50.9,,,,,,,,,,0.0010000000000000005,0.001,0.006049999999999997,60,0.0,0.06017393047793289
L_ignition,L ignition,20,0.7,complex,success_min2,fractional success + >=2,better,2,1,mixture,mixture pi=5%,0.96,0.05,hub_bridge,0.01,random,traditional_only,20.0,2.6498898898898897,0.0347266484363756,1.0,0.0,0.2865,0.02385,0.4806999999999999,32.0,19.45,83.0,79.0,70.0,97.0,,,,66.0,51.6,70.5,0.009999999999999988,0.002999999999999999,0.017050000000000013,60,0.0,0.06017393047793289
L_ignition,L ignition,20,0.7,complex,success_min2,fractional success + >=2,better,2,1,mixture,mixture pi=5%,0.96,0.05,hub_bridge,0.02,random,traditional_only,20.0,2.6498898898898897,0.0347266484363756,1.0,0.5333333333333333,0.618,0.50585,0.91705,9.0,6.95,13.0,46.5,30.0,75.29999999999998,69.0,55.5,98.0,37.0,23.0,65.0,0.023000000000000007,0.017000000000000015,0.03600000000000003,60,0.40893208671135106,0.65372298459012
L_ignition,L ignition,20,0.7,complex,success_min2,fractional success + >=2,better,2,1,mixture,mixture pi=5%,0.96,0.05,hub_bridge,0.05,random,traditional_only,20.0,2.6498898898898897,0.0347266484363756,1.0,1.0,0.904,0.6363,0.922,2.0,2.0,3.0,17.0,13.0,22.0,36.0,26.1,61.9,15.0,11.0,20.0,0.039,0.031000000000000028,0.04505000000000003,60,0.9398260695220669,0.9999999999999999
L_ignition,L ignition,20,0.7,complex,success_min2,fractional success + >=2,better,2,1,mixture,mixture pi=5%,0.96,0.05,random,0.001,random,traditional_only,20.0,2.6498898898898897,0.0347266484363756,1.0,0.0,0.001,0.0,0.001,,,,,,,,,,,,,0.0,0.0,0.0,60,0.0,0.06017393047793289
L_ignition,L ignition,20,0.7,complex,success_min2,fractional success + >=2,better,2,1,mixture,mixture pi=5%,0.96,0.05,random,0.005,random,traditional_only,20.0,2.6498898898898897,0.0347266484363756,1.0,0.0,0.005,0.003,0.012149999999999992,54.0,54.0,54.0,,,,,,,,,,0.001,0.0,0.002049999999999997,60,0.0,0.06017393047793289
L_ignition,L ignition,20,0.7,complex,success_min2,fractional success + >=2,better,2,1,mixture,mixture pi=5%,0.96,0.05,random,0.01,random,traditional_only,20.0,2.6498898898898897,0.0347266484363756,1.0,0.0,0.018,0.009,0.25715,73.5,39.599999999999994,81.65,,,,,,,,,,0.0020000000000000018,0.0009499999999999993,0.01100000000000001,60,0.0,0.06017393047793289
L_ignition,L ignition,20,0.7,complex,success_min2,fractional success + >=2,better,2,1,mixture,mixture pi=5%,0.96,0.05,random,0.02,random,traditional_only,20.0,2.6498898898898897,0.0347266484363756,1.0,0.2,0.5215000000000001,0.37615000000000004,0.90825,14.5,9.95,25.099999999999994,63.0,41.9,87.39999999999998,90.0,66.2,99.2,49.0,29.0,75.59999999999997,0.017999999999999995,0.012949999999999958,0.03305000000000002,60,0.11828389736858964,0.3178204609181701
L_ignition,L ignition,20,0.7,complex,success_min2,fractional success + >=2,better,2,1,mixture,mixture pi=5%,0.96,0.05,random,0.05,random,traditional_only,20.0,2.6498898898898897,0.0347266484363756,1.0,1.0,0.9065000000000001,0.6133000000000001,0.92005,3.0,2.0,4.0,21.0,17.0,32.14999999999999,46.0,30.950000000000003,82.05,18.5,14.0,28.14999999999999,0.03300000000000003,0.02889999999999997,0.04205000000000003,60,0.9398260695220669,0.9999999999999999
L_ignition,L ignition,20,0.7,complex,success_min3,fractional success + >=3,better,3,1,mixture,mixture pi=5%,0.96,0.05,clustered,0.001,random,traditional_only,20.0,2.6498898898898897,0.0347266484363756,1.0,0.0,0.001,0.0,0.001,,,,,,,,,,,,,0.0,0.0,0.0,60,0.0,0.06017393047793289
L_ignition,L ignition,20,0.7,complex,success_min3,fractional success + >=3,better,3,1,mixture,mixture pi=5%,0.96,0.05,clustered,0.005,random,traditional_only,20.0,2.6498898898898897,0.0347266484363756,1.0,0.0,0.005,0.003,0.005,,,,,,,,,,,,,0.0,0.0,0.0,60,0.0,0.06017393047793289
L_ignition,L ignition,20,0.7,complex,success_min3,fractional success + >=3,better,3,1,mixture,mixture pi=5%,0.96,0.05,clustered,0.01,random,traditional_only,20.0,2.6498898898898897,0.0347266484363756,1.0,0.0,0.009,0.007,0.011,,,,,,,,,,,,,0.0,0.0,0.0010000000000000009,60,0.0,0.06017393047793289
L_ignition,L ignition,20,0.7,complex,success_min3,fractional success + >=3,better,3,1,mixture,mixture pi=5%,0.96,0.05,clustered,0.02,random,traditional_only,20.0,2.6498898898898897,0.0347266484363756,1.0,0.0,0.019,0.016,0.022049999999999997,,,,,,,,,,,,,0.0010000000000000009,0.0,0.0019999999999999983,60,0.0,0.06017393047793289
L_ignition,L ignition,20,0.7,complex,success_min3,fractional success + >=3,better,3,1,mixture,mixture pi=5%,0.96,0.05,clustered,0.05,random,traditional_only,20.0,2.6498898898898897,0.0347266484363756,1.0,0.0,0.102,0.06085,0.26999999999999996,27.0,14.75,62.74999999999998,,,,,,,,,,0.0059999999999999915,0.0029999999999999957,0.008999999999999994,60,0.0,0.06017393047793289
L_ignition,L ignition,20,0.7,complex,success_min3,fractional success + >=3,better,3,1,mixture,mixture pi=5%,0.96,0.05,hub_bridge,0.001,random,traditional_only,20.0,2.6498898898898897,0.0347266484363756,1.0,0.0,0.001,0.0,0.001,,,,,,,,,,,,,0.0,0.0,0.0,60,0.0,0.06017393047793289
L_ignition,L ignition,20,0.7,complex,success_min3,fractional success + >=3,better,3,1,mixture,mixture pi=5%,0.96,0.05,hub_bridge,0.005,random,traditional_only,20.0,2.6498898898898897,0.0347266484363756,1.0,0.0,0.005,0.003,0.005,,,,,,,,,,,,,0.0,0.0,0.0,60,0.0,0.06017393047793289
L_ignition,L ignition,20,0.7,complex,success_min3,fractional success + >=3,better,3,1,mixture,mixture pi=5%,0.96,0.05,hub_bridge,0.01,random,traditional_only,20.0,2.6498898898898897,0.0347266484363756,1.0,0.0,0.009,0.00795,0.011,,,,,,,,,,,,,0.0,0.0,0.0010000000000000009,60,0.0,0.06017393047793289
L_ignition,L ignition,20,0.7,complex,success_min3,fractional success + >=3,better,3,1,mixture,mixture pi=5%,0.96,0.05,hub_bridge,0.02,random,traditional_only,20.0,2.6498898898898897,0.0347266484363756,1.0,0.0,0.0205,0.016950000000000003,0.02405,,,,,,,,,,,,,0.0010000000000000009,0.000950000000000001,0.0020000000000000018,60,0.0,0.06017393047793289
L_ignition,L ignition,20,0.7,complex,success_min3,fractional success + >=3,better,3,1,mixture,mixture pi=5%,0.96,0.05,hub_bridge,0.05,random,traditional_only,20.0,2.6498898898898897,0.0347266484363756,1.0,0.06666666666666667,0.4875,0.38375000000000004,0.6804499999999999,7.0,5.0,11.0,65.5,37.5,96.3,94.5,91.35000000000001,97.65,59.0,32.5,90.3,0.015000000000000013,0.010949999999999996,0.026100000000000016,60,0.02622827414319792,0.15925579893767722
L_ignition,L ignition,20,0.7,complex,success_min3,fractional success + >=3,better,3,1,mixture,mixture pi=5%,0.96,0.05,random,0.001,random,traditional_only,20.0,2.6498898898898897,0.0347266484363756,1.0,0.0,0.001,0.0,0.001,,,,,,,,,,,,,0.0,0.0,0.0,60,0.0,0.06017393047793289
L_ignition,L ignition,20,0.7,complex,success_min3,fractional success + >=3,better,3,1,mixture,mixture pi=5%,0.96,0.05,random,0.005,random,traditional_only,20.0,2.6498898898898897,0.0347266484363756,1.0,0.0,0.005,0.00395,0.005,,,,,,,,,,,,,0.0,0.0,4.9999999999997156e-5,60,0.0,0.06017393047793289
L_ignition,L ignition,20,0.7,complex,success_min3,fractional success + >=3,better,3,1,mixture,mixture pi=5%,0.96,0.05,random,0.01,random,traditional_only,20.0,2.6498898898898897,0.0347266484363756,1.0,0.0,0.009,0.007,0.01,,,,,,,,,,,,,0.0,0.0,0.0009999999999999992,60,0.0,0.06017393047793289
L_ignition,L ignition,20,0.7,complex,success_min3,fractional success + >=3,better,3,1,mixture,mixture pi=5%,0.96,0.05,random,0.02,random,traditional_only,20.0,2.6498898898898897,0.0347266484363756,1.0,0.0,0.019,0.017,0.022049999999999997,,,,,,,,,,,,,0.0010000000000000009,0.0,0.0020000000000000018,60,0.0,0.06017393047793289
L_ignition,L ignition,20,0.7,complex,success_min3,fractional success + >=3,better,3,1,mixture,mixture pi=5%,0.96,0.05,random,0.05,random,traditional_only,20.0,2.6498898898898897,0.0347266484363756,1.0,0.0,0.177,0.07585,0.36954999999999993,19.5,8.350000000000001,47.55,,,,,,,,,,0.00799999999999998,0.003999999999999997,0.011999999999999997,60,0.0,0.06017393047793289
L_ignition,L ignition,20,0.7,complex,success_original,fractional success,better,0,1,mixture,mixture pi=5%,0.96,0.05,clustered,0.001,random,traditional_only,20.0,2.6498898898898897,0.0347266484363756,1.0,0.9833333333333333,0.906,0.6077,0.92005,8.0,6.0,13.149999999999991,26.5,19.95,45.099999999999994,49.5,32.0,84.24999999999994,18.5,12.0,32.099999999999994,0.03600000000000003,0.02700000000000001,0.043050000000000026,60,0.9114466177322051,0.9970519161391262
L_ignition,L ignition,20,0.7,complex,success_original,fractional success,better,0,1,mixture,mixture pi=5%,0.96,0.05,clustered,0.005,random,traditional_only,20.0,2.6498898898898897,0.0347266484363756,1.0,1.0,0.909,0.64345,0.92405,5.0,4.0,7.0,20.5,16.0,26.0,37.0,29.0,67.99999999999994,15.0,11.95,20.0,0.03899999999999995,0.03200000000000003,0.045999999999999985,60,0.9398260695220669,0.9999999999999999
L_ignition,L ignition,20,0.7,complex,success_original,fractional success,better,0,1,mixture,mixture pi=5%,0.96,0.05,clustered,0.01,random,traditional_only,20.0,2.6498898898898897,0.0347266484363756,1.0,1.0,0.91,0.8922500000000001,0.9232,4.0,3.0,5.0,18.0,15.0,21.0,34.0,27.0,63.79999999999998,13.0,11.0,17.0,0.04099999999999996,0.03595,0.046999999999999986,60,0.9398260695220669,0.9999999999999999
L_ignition,L ignition,20,0.7,complex,success_original,fractional success,better,0,1,mixture,mixture pi=5%,0.96,0.05,clustered,0.02,random,traditional_only,20.0,2.6498898898898897,0.0347266484363756,1.0,1.0,0.909,0.74225,0.92305,3.0,2.95,4.0,16.0,13.0,19.049999999999997,30.0,25.0,52.599999999999994,13.0,10.0,16.049999999999997,0.044,0.038950000000000005,0.05000000000000002,60,0.9398260695220669,0.9999999999999999
L_ignition,L ignition,20,0.7,complex,success_original,fractional success,better,0,1,mixture,mixture pi=5%,0.96,0.05,clustered,0.05,random,traditional_only,20.0,2.6498898898898897,0.0347266484363756,1.0,1.0,0.9105000000000001,0.7181000000000001,0.92305,1.0,1.0,2.0,12.0,11.0,14.0,24.0,22.0,38.39999999999998,11.0,10.0,12.0,0.05399999999999999,0.045950000000000005,0.061099999999999995,60,0.9398260695220669,0.9999999999999999
L_ignition,L ignition,20,0.7,complex,success_original,fractional success,better,0,1,mixture,mixture pi=5%,0.96,0.05,hub_bridge,0.001,random,traditional_only,20.0,2.6498898898898897,0.0347266484363756,1.0,1.0,0.9095,0.565,0.92405,7.0,6.0,12.099999999999994,25.0,18.0,39.19999999999999,41.0,30.25,78.49999999999999,17.5,12.0,27.14999999999999,0.03700000000000002,0.028949999999999986,0.04599999999999993,60,0.9398260695220669,0.9999999999999999
L_ignition,L ignition,20,0.7,complex,success_original,fractional success,better,0,1,mixture,mixture pi=5%,0.96,0.05,hub_bridge,0.005,random,traditional_only,20.0,2.6498898898898897,0.0347266484363756,1.0,1.0,0.9105000000000001,0.8925500000000001,0.922,5.0,4.0,6.0,18.0,15.0,25.0,35.0,27.0,72.39999999999999,13.0,10.950000000000001,20.049999999999997,0.04000000000000002,0.034949999999999974,0.047000000000000014,60,0.9398260695220669,0.9999999999999999
L_ignition,L ignition,20,0.7,complex,success_original,fractional success,better,0,1,mixture,mixture pi=5%,0.96,0.05,hub_bridge,0.01,random,traditional_only,20.0,2.6498898898898897,0.0347266484363756,1.0,1.0,0.912,0.6897,0.92605,3.0,3.0,4.0,16.0,13.95,20.0,30.0,25.0,56.79999999999998,12.5,10.0,16.0,0.04499999999999999,0.03690000000000003,0.04999999999999999,60,0.9398260695220669,0.9999999999999999
L_ignition,L ignition,20,0.7,complex,success_original,fractional success,better,0,1,mixture,mixture pi=5%,0.96,0.05,hub_bridge,0.02,random,traditional_only,20.0,2.6498898898898897,0.0347266484363756,1.0,1.0,0.9105000000000001,0.7323500000000001,0.92705,2.0,2.0,3.0,13.0,12.0,17.049999999999997,26.0,24.0,49.499999999999986,11.0,10.0,15.049999999999997,0.047000000000000014,0.04294999999999998,0.054000000000000006,60,0.9398260695220669,0.9999999999999999
L_ignition,L ignition,20,0.7,complex,success_original,fractional success,better,0,1,mixture,mixture pi=5%,0.96,0.05,hub_bridge,0.05,random,traditional_only,20.0,2.6498898898898897,0.0347266484363756,1.0,1.0,0.911,0.9,0.9251,1.0,1.0,1.0,11.0,9.95,12.0,22.0,21.0,28.0,10.0,8.95,11.0,0.06899999999999999,0.05895,0.077,60,0.9398260695220669,0.9999999999999999
L_ignition,L ignition,20,0.7,complex,success_original,fractional success,better,0,1,mixture,mixture pi=5%,0.96,0.05,random,0.001,random,traditional_only,20.0,2.6498898898898897,0.0347266484363756,1.0,0.9833333333333333,0.9075,0.5967999999999999,0.9212,8.0,6.0,13.0,26.0,19.9,42.0,52.0,33.0,87.0,18.0,12.0,29.0,0.03550000000000003,0.028000000000000025,0.045000000000000005,60,0.9114466177322051,0.9970519161391262
L_ignition,L ignition,20,0.7,complex,success_original,fractional success,better,0,1,mixture,mixture pi=5%,0.96,0.05,random,0.005,random,traditional_only,20.0,2.6498898898898897,0.0347266484363756,1.0,1.0,0.9085000000000001,0.62075,0.926,5.0,4.0,7.0,20.5,17.0,27.099999999999994,40.0,29.450000000000003,65.74999999999999,15.0,12.0,21.099999999999994,0.039000000000000014,0.03200000000000003,0.04600000000000001,60,0.9398260695220669,0.9999999999999999
L_ignition,L ignition,20,0.7,complex,success_original,fractional success,better,0,1,mixture,mixture pi=5%,0.96,0.05,random,0.01,random,traditional_only,20.0,2.6498898898898897,0.0347266484363756,1.0,1.0,0.908,0.6779000000000001,0.924,4.0,3.0,5.0,17.0,15.0,23.049999999999997,32.0,26.0,48.55,13.5,11.0,18.14999999999999,0.041999999999999926,0.03495000000000003,0.04710000000000004,60,0.9398260695220669,0.9999999999999999
L_ignition,L ignition,20,0.7,complex,success_original,fractional success,better,0,1,mixture,mixture pi=5%,0.96,0.05,random,0.02,random,traditional_only,20.0,2.6498898898898897,0.0347266484363756,1.0,1.0,0.9125000000000001,0.8931500000000001,0.92705,3.0,2.0,3.0,15.0,12.95,19.049999999999997,29.0,24.0,40.39999999999999,12.0,10.0,16.049999999999997,0.045000000000000005,0.03895000000000003,0.05204999999999999,60,0.9398260695220669,0.9999999999999999
L_ignition,L ignition,20,0.7,complex,success_original,fractional success,better,0,1,mixture,mixture pi=5%,0.96,0.05,random,0.05,random,traditional_only,20.0,2.6498898898898897,0.0347266484363756,1.0,1.0,0.911,0.7426499999999999,0.92405,1.0,1.0,2.0,11.5,11.0,14.049999999999997,24.0,22.0,30.299999999999997,10.0,9.0,13.049999999999997,0.057499999999999996,0.050899999999999994,0.065,60,0.9398260695220669,0.9999999999999999
L_ignition,L ignition,50,0.7,complex,success_min2,fractional success + >=2,better,2,1,mixture,mixture pi=5%,1.0,0.05,clustered,0.001,random,traditional_only,50.0,2.0382382382382382,0.0646271160937189,1.0,0.0,0.001,0.0,0.001,,,,,,,,,,,,,0.0,0.0,0.0,60,0.0,0.06017393047793289
L_ignition,L ignition,50,0.7,complex,success_min2,fractional success + >=2,better,2,1,mixture,mixture pi=5%,1.0,0.05,clustered,0.005,random,traditional_only,50.0,2.0382382382382382,0.0646271160937189,1.0,0.55,0.862,0.006,0.90705,22.0,10.7,43.499999999999986,55.5,38.35,92.29999999999998,83.0,76.0,95.75,35.0,26.0,58.64999999999999,0.020000000000000018,0.001,0.02404999999999999,60,0.42491714548981496,0.6690654614623918
L_ignition,L ignition,50,0.7,complex,success_min2,fractional success + >=2,better,2,1,mixture,mixture pi=5%,1.0,0.05,clustered,0.01,random,traditional_only,50.0,2.0382382382382382,0.0646271160937189,1.0,0.9,0.903,0.8966000000000001,0.90905,9.0,7.0,15.199999999999989,36.5,32.85,52.89999999999995,76.0,66.8,89.0,28.0,24.0,41.74999999999996,0.02200000000000002,0.020000000000000018,0.026050000000000007,60,0.7985030550748896,0.9533578005427642
L_ignition,L ignition,50,0.7,complex,success_min2,fractional success + >=2,better,2,1,mixture,mixture pi=5%,1.0,0.05,clustered,0.02,random,traditional_only,50.0,2.0382382382382382,0.0646271160937189,1.0,0.9666666666666667,0.903,0.9,0.91,5.0,4.0,6.0,31.0,28.9,43.099999999999994,69.0,64.9,84.0,26.0,24.0,37.19999999999999,0.024999999999999994,0.02100000000000002,0.029050000000000003,60,0.8863601247107462,0.9908108735098498
L_ignition,L ignition,50,0.7,complex,success_min2,fractional success + >=2,better,2,1,mixture,mixture pi=5%,1.0,0.05,clustered,0.05,random,traditional_only,50.0,2.0382382382382382,0.0646271160937189,1.0,1.0,0.904,0.9,0.9091,2.0,2.0,2.0,27.0,25.0,30.0,64.0,60.0,73.0,25.0,23.0,28.0,0.03899999999999999,0.031,0.046049999999999994,60,0.9398260695220669,0.9999999999999999
L_ignition,L ignition,50,0.7,complex,success_min2,fractional success + >=2,better,2,1,mixture,mixture pi=5%,1.0,0.05,hub_bridge,0.001,random,traditional_only,50.0,2.0382382382382382,0.0646271160937189,1.0,0.0,0.001,0.0,0.001,,,,,,,,,,,,,0.0,0.0,0.0,60,0.0,0.06017393047793289
L_ignition,L ignition,50,0.7,complex,success_min2,fractional success + >=2,better,2,1,mixture,mixture pi=5%,1.0,0.05,hub_bridge,0.005,random,traditional_only,50.0,2.0382382382382382,0.0646271160937189,1.0,0.6833333333333333,0.903,0.74175,0.90805,14.0,10.0,23.049999999999997,47.5,36.85,72.14999999999999,85.0,74.80000000000001,98.19999999999999,31.5,25.0,54.0,0.02100000000000002,0.018900000000000004,0.02400000000000002,60,0.5576599505698345,0.7869429415882567
L_ignition,L ignition,50,0.7,complex,success_min2,fractional success + >=2,better,2,1,mixture,mixture pi=5%,1.0,0.05,hub_bridge,0.01,random,traditional_only,50.0,2.0382382382382382,0.0646271160937189,1.0,0.8833333333333333,0.903,0.9,0.908,7.5,5.95,9.049999999999997,35.0,31.0,47.449999999999974,73.0,67.0,83.0,28.0,24.0,40.39999999999998,0.02200000000000002,0.019000000000000017,0.026000000000000002,60,0.7782097940014187,0.9423235259654995
L_ignition,L ignition,50,0.7,complex,success_min2,fractional success + >=2,better,2,1,mixture,mixture pi=5%,1.0,0.05,hub_bridge,0.02,random,traditional_only,50.0,2.0382382382382382,0.0646271160937189,1.0,1.0,0.9035,0.9,0.90905,4.0,4.0,5.0,30.0,27.0,34.05,67.0,60.95,74.05,25.0,23.0,30.049999999999997,0.027,0.023,0.031999999999999994,60,0.9398260695220669,0.9999999999999999
L_ignition,L ignition,50,0.7,complex,success_min2,fractional success + >=2,better,2,1,mixture,mixture pi=5%,1.0,0.05,hub_bridge,0.05,random,traditional_only,50.0,2.0382382382382382,0.0646271160937189,1.0,1.0,0.904,0.9,0.91105,2.0,1.0,2.0,26.0,24.0,27.049999999999997,62.0,56.0,68.05,24.0,22.0,26.049999999999997,0.049,0.040999999999999995,0.05704999999999999,60,0.9398260695220669,0.9999999999999999
L_ignition,L ignition,50,0.7,complex,success_min2,fractional success + >=2,better,2,1,mixture,mixture pi=5%,1.0,0.05,random,0.001,random,traditional_only,50.0,2.0382382382382382,0.0646271160937189,1.0,0.0,0.001,0.0,0.001,,,,,,,,,,,,,0.0,0.0,0.0,60,0.0,0.06017393047793289
L_ignition,L ignition,50,0.7,complex,success_min2,fractional success + >=2,better,2,1,mixture,mixture pi=5%,1.0,0.05,random,0.005,random,traditional_only,50.0,2.0382382382382382,0.0646271160937189,1.0,0.5333333333333333,0.9,0.005,0.90905,17.5,11.55,44.0,50.0,39.15,87.85,85.0,72.5,95.0,32.0,26.0,59.54999999999998,0.020000000000000018,0.0009500000000000002,0.024050000000000012,60,0.40893208671135106,0.65372298459012
L_ignition,L ignition,50,0.7,complex,success_min2,fractional success + >=2,better,2,1,mixture,mixture pi=5%,1.0,0.05,random,0.01,random,traditional_only,50.0,2.0382382382382382,0.0646271160937189,1.0,0.8833333333333333,0.903,0.8461,0.909,9.0,6.0,12.0,38.0,32.0,56.89999999999995,75.0,68.75,90.25,29.0,25.0,46.0,0.022000000000000006,0.01999999999999999,0.026049999999999993,60,0.7782097940014187,0.9423235259654995
L_ignition,L ignition,50,0.7,complex,success_min2,fractional success + >=2,better,2,1,mixture,mixture pi=5%,1.0,0.05,random,0.02,random,traditional_only,50.0,2.0382382382382382,0.0646271160937189,1.0,0.95,0.904,0.9,0.9111,5.0,4.0,6.0,31.0,28.0,49.14999999999999,69.0,63.0,78.39999999999992,26.0,24.0,44.14999999999999,0.025,0.021949999999999997,0.030049999999999997,60,0.8629926537490016,0.9828508088208587
L_ignition,L ignition,50,0.7,complex,success_min2,fractional success + >=2,better,2,1,mixture,mixture pi=5%,1.0,0.05,random,0.05,random,traditional_only,50.0,2.0382382382382382,0.0646271160937189,1.0,1.0,0.902,0.9,0.91005,2.0,1.0,2.0,26.0,25.0,29.0,63.5,57.949999999999996,69.0,24.0,23.0,27.0,0.042499999999999996,0.03594999999999999,0.050050000000000004,60,0.9398260695220669,0.9999999999999999
L_ignition,L ignition,50,0.7,complex,success_min3,fractional success + >=3,better,3,1,mixture,mixture pi=5%,1.0,0.05,clustered,0.001,random,traditional_only,50.0,2.0382382382382382,0.0646271160937189,1.0,0.0,0.001,0.0,0.001,,,,,,,,,,,,,0.0,0.0,0.0,60,0.0,0.06017393047793289
L_ignition,L ignition,50,0.7,complex,success_min3,fractional success + >=3,better,3,1,mixture,mixture pi=5%,1.0,0.05,clustered,0.005,random,traditional_only,50.0,2.0382382382382382,0.0646271160937189,1.0,0.0,0.005,0.003,0.008049999999999996,,,,,,,,,,,,,0.0,0.0,0.002,60,0.0,0.06017393047793289
L_ignition,L ignition,50,0.7,complex,success_min3,fractional success + >=3,better,3,1,mixture,mixture pi=5%,1.0,0.05,clustered,0.01,random,traditional_only,50.0,2.0382382382382382,0.0646271160937189,1.0,0.0,0.012,0.00895,0.2371999999999998,46.5,28.4,70.0,88.0,88.0,88.0,,,,51.0,51.0,51.0,0.0010000000000000009,0.0,0.009050000000000004,60,0.0,0.06017393047793289
L_ignition,L ignition,50,0.7,complex,success_min3,fractional success + >=3,better,3,1,mixture,mixture pi=5%,1.0,0.05,clustered,0.02,random,traditional_only,50.0,2.0382382382382382,0.0646271160937189,1.0,0.43333333333333335,0.8745,0.23754999999999998,0.91005,14.0,8.9,28.399999999999977,53.0,37.0,91.49999999999997,85.0,71.4,96.6,40.0,26.299999999999997,79.1,0.020000000000000018,0.00995000000000001,0.024050000000000016,60,0.3157220039440064,0.5589678534530513
L_ignition,L ignition,50,0.7,complex,success_min3,fractional success + >=3,better,3,1,mixture,mixture pi=5%,1.0,0.05,clustered,0.05,random,traditional_only,50.0,2.0382382382382382,0.0646271160937189,1.0,0.9666666666666667,0.903,0.9,0.91,3.0,2.0,3.0,29.0,25.95,39.14999999999999,67.0,62.0,78.1,26.0,23.0,37.099999999999994,0.025999999999999995,0.021999999999999992,0.031049999999999998,60,0.8863601247107462,0.9908108735098498
L_ignition,L ignition,50,0.7,complex,success_min3,fractional success + >=3,better,3,1,mixture,mixture pi=5%,1.0,0.05,hub_bridge,0.001,random,traditional_only,50.0,2.0382382382382382,0.0646271160937189,1.0,0.0,0.001,0.0,0.001,,,,,,,,,,,,,0.0,0.0,0.0,60,0.0,0.06017393047793289
L_ignition,L ignition,50,0.7,complex,success_min3,fractional success + >=3,better,3,1,mixture,mixture pi=5%,1.0,0.05,hub_bridge,0.005,random,traditional_only,50.0,2.0382382382382382,0.0646271160937189,1.0,0.0,0.005,0.00395,0.006049999999999998,,,,,,,,,,,,,0.0,0.0,0.001,60,0.0,0.06017393047793289
L_ignition,L ignition,50,0.7,complex,success_min3,fractional success + >=3,better,3,1,mixture,mixture pi=5%,1.0,0.05,hub_bridge,0.01,random,traditional_only,50.0,2.0382382382382382,0.0646271160937189,1.0,0.05,0.1735,0.011,0.8058999999999998,46.5,22.75,79.99999999999997,74.5,48.75,92.1,89.0,83.6,94.4,47.0,28.7,54.3,0.008000000000000007,0.0010000000000000009,0.020050000000000012,60,0.01714919117914121,0.13700734625099836
L_ignition,L ignition,50,0.7,complex,success_min3,fractional success + >=3,better,3,1,mixture,mixture pi=5%,1.0,0.05,hub_bridge,0.02,random,traditional_only,50.0,2.0382382382382382,0.0646271160937189,1.0,0.6333333333333333,0.902,0.38175,0.91015,9.0,7.0,12.0,43.0,33.7,72.69999999999997,80.0,71.4,94.39999999999998,32.0,26.700000000000003,62.599999999999994,0.021000000000000005,0.017899999999999992,0.024999999999999994,60,0.5068276736679673,0.7437926115379172
L_ignition,L ignition,50,0.7,complex,success_min3,fractional success + >=3,better,3,1,mixture,mixture pi=5%,1.0,0.05,hub_bridge,0.05,random,traditional_only,50.0,2.0382382382382382,0.0646271160937189,1.0,0.95,0.903,0.9,0.90905,2.0,2.0,2.0,27.0,24.95,40.05,63.0,58.0,70.29999999999998,25.0,22.950000000000003,38.05,0.0355,0.026999999999999996,0.040999999999999995,60,0.8629926537490016,0.9828508088208587
L_ignition,L ignition,50,0.7,complex,success_min3,fractional success + >=3,better,3,1,mixture,mixture pi=5%,1.0,0.05,random,0.001,random,traditional_only,50.0,2.0382382382382382,0.0646271160937189,1.0,0.0,0.001,0.0,0.001,,,,,,,,,,,,,0.0,0.0,0.0,60,0.0,0.06017393047793289
L_ignition,L ignition,50,0.7,complex,success_min3,fractional success + >=3,better,3,1,mixture,mixture pi=5%,1.0,0.05,random,0.005,random,traditional_only,50.0,2.0382382382382382,0.0646271160937189,1.0,0.0,0.005,0.003,0.006049999999999998,,,,,,,,,,,,,0.0,0.0,0.001,60,0.0,0.06017393047793289
L_ignition,L ignition,50,0.7,complex,success_min3,fractional success + >=3,better,3,1,mixture,mixture pi=5%,1.0,0.05,random,0.01,random,traditional_only,50.0,2.0382382382382382,0.0646271160937189,1.0,0.0,0.011,0.008,0.0592499999999997,40.0,31.0,62.499999999999986,80.0,69.2,90.8,,,,45.0,38.7,51.3,0.0010000000000000009,0.0,0.003149999999999994,60,0.0,0.06017393047793289
L_ignition,L ignition,50,0.7,complex,success_min3,fractional success + >=3,better,3,1,mixture,mixture pi=5%,1.0,0.05,random,0.02,random,traditional_only,50.0,2.0382382382382382,0.0646271160937189,1.0,0.36666666666666664,0.9,0.29019999999999996,0.9071,13.0,8.95,21.049999999999997,54.5,38.0,76.99999999999997,83.5,72.1,97.89999999999999,39.5,28.0,65.49999999999996,0.020000000000000004,0.01200000000000001,0.022050000000000018,60,0.2562073884620827,0.4931723263320327
L_ignition,L ignition,50,0.7,complex,success_min3,fractional success + >=3,better,3,1,mixture,mixture pi=5%,1.0,0.05,random,0.05,random,traditional_only,50.0,2.0382382382382382,0.0646271160937189,1.0,1.0,0.903,0.9,0.91005,2.0,2.0,3.0,29.0,25.95,33.05,66.0,61.0,73.0,26.0,23.95,31.049999999999997,0.027999999999999997,0.022949999999999995,0.033049999999999996,60,0.9398260695220669,0.9999999999999999
L_ignition,L ignition,50,0.7,complex,success_original,fractional success,better,0,1,mixture,mixture pi=5%,1.0,0.05,clustered,0.001,random,traditional_only,50.0,2.0382382382382382,0.0646271160937189,1.0,0.95,0.904,0.8769500000000001,0.90905,8.0,6.0,12.0,34.0,31.0,40.39999999999999,72.0,66.8,82.0,26.0,24.0,30.0,0.026000000000000016,0.022949999999999915,0.03205,60,0.8629926537490016,0.9828508088208587
L_ignition,L ignition,50,0.7,complex,success_original,fractional success,better,0,1,mixture,mixture pi=5%,1.0,0.05,clustered,0.005,random,traditional_only,50.0,2.0382382382382382,0.0646271160937189,1.0,1.0,0.903,0.9,0.91205,5.0,5.0,6.0,31.0,28.95,33.05,69.0,62.949999999999996,76.1,26.0,23.0,28.0,0.03,0.025,0.03509999999999999,60,0.9398260695220669,0.9999999999999999
L_ignition,L ignition,50,0.7,complex,success_original,fractional success,better,0,1,mixture,mixture pi=5%,1.0,0.05,clustered,0.01,random,traditional_only,50.0,2.0382382382382382,0.0646271160937189,1.0,1.0,0.904,0.9,0.91005,4.0,4.0,5.0,30.0,28.0,34.0,67.0,61.95,75.05,26.0,23.95,29.0,0.030500000000000003,0.02500000000000001,0.03705000000000001,60,0.9398260695220669,0.9999999999999999
L_ignition,L ignition,50,0.7,complex,success_original,fractional success,better,0,1,mixture,mixture pi=5%,1.0,0.05,clustered,0.02,random,traditional_only,50.0,2.0382382382382382,0.0646271160937189,1.0,1.0,0.904,0.9,0.90905,3.0,3.0,4.0,28.0,26.0,31.0,65.5,58.95,73.0,25.0,23.0,28.0,0.033999999999999996,0.028999999999999998,0.039999999999999994,60,0.9398260695220669,0.9999999999999999
L_ignition,L ignition,50,0.7,complex,success_original,fractional success,better,0,1,mixture,mixture pi=5%,1.0,0.05,clustered,0.05,random,traditional_only,50.0,2.0382382382382382,0.0646271160937189,1.0,1.0,0.904,0.9,0.9101,2.0,1.0,2.0,26.0,25.0,28.0,64.0,58.95,69.05,24.0,23.0,26.0,0.048,0.041999999999999996,0.055999999999999994,60,0.9398260695220669,0.9999999999999999
L_ignition,L ignition,50,0.7,complex,success_original,fractional success,better,0,1,mixture,mixture pi=5%,1.0,0.05,hub_bridge,0.001,random,traditional_only,50.0,2.0382382382382382,0.0646271160937189,1.0,0.9833333333333333,0.904,0.9,0.91005,7.0,6.0,10.099999999999994,33.0,31.0,41.39999999999998,72.0,67.0,85.49999999999997,26.0,24.0,30.099999999999994,0.02600000000000001,0.022999999999999993,0.03214999999999999,60,0.9114466177322051,0.9970519161391262
L_ignition,L ignition,50,0.7,complex,success_original,fractional success,better,0,1,mixture,mixture pi=5%,1.0,0.05,hub_bridge,0.005,random,traditional_only,50.0,2.0382382382382382,0.0646271160937189,1.0,0.9833333333333333,0.904,0.9,0.911,5.0,4.0,6.0,31.0,29.0,36.0,69.0,64.0,75.1,26.0,24.0,31.0,0.028999999999999998,0.024950000000000003,0.03400000000000001,60,0.9114466177322051,0.9970519161391262
L_ignition,L ignition,50,0.7,complex,success_original,fractional success,better,0,1,mixture,mixture pi=5%,1.0,0.05,hub_bridge,0.01,random,traditional_only,50.0,2.0382382382382382,0.0646271160937189,1.0,1.0,0.904,0.9,0.91,4.0,3.0,5.0,29.0,27.0,31.0,66.0,59.95,73.05,25.0,23.0,27.049999999999997,0.031,0.02700000000000001,0.038099999999999995,60,0.9398260695220669,0.9999999999999999
L_ignition,L ignition,50,0.7,complex,success_original,fractional success,better,0,1,mixture,mixture pi=5%,1.0,0.05,hub_bridge,0.02,random,traditional_only,50.0,2.0382382382382382,0.0646271160937189,1.0,1.0,0.903,0.9,0.90805,3.0,2.0,3.0,28.0,25.0,30.0,64.0,59.95,72.0,25.0,22.950000000000003,27.0,0.038,0.032900000000000006,0.04305,60,0.9398260695220669,0.9999999999999999
L_ignition,L ignition,50,0.7,complex,success_original,fractional success,better,0,1,mixture,mixture pi=5%,1.0,0.05,hub_bridge,0.05,random,traditional_only,50.0,2.0382382382382382,0.0646271160937189,1.0,1.0,0.904,0.9,0.91005,1.0,1.0,1.0,26.0,23.0,27.0,62.0,57.0,68.05,25.0,22.0,26.0,0.055499999999999994,0.05,0.06305,60,0.9398260695220669,0.9999999999999999
L_ignition,L ignition,50,0.7,complex,success_original,fractional success,better,0,1,mixture,mixture pi=5%,1.0,0.05,random,0.001,random,traditional_only,50.0,2.0382382382382382,0.0646271160937189,1.0,0.9666666666666667,0.904,0.9,0.909,8.0,6.0,10.049999999999997,33.0,31.0,40.099999999999994,71.0,66.0,79.0,26.0,23.9,31.19999999999999,0.0275,0.02100000000000002,0.036,60,0.8863601247107462,0.9908108735098498
L_ignition,L ignition,50,0.7,complex,success_original,fractional success,better,0,1,mixture,mixture pi=5%,1.0,0.05,random,0.005,random,traditional_only,50.0,2.0382382382382382,0.0646271160937189,1.0,1.0,0.9025000000000001,0.9,0.9081,5.0,5.0,7.0,31.0,29.0,34.05,68.0,63.0,77.1,25.5,23.0,29.0,0.028999999999999998,0.023000000000000007,0.03405,60,0.9398260695220669,0.9999999999999999
L_ignition,L ignition,50,0.7,complex,success_original,fractional success,better,0,1,mixture,mixture pi=5%,1.0,0.05,random,0.01,random,traditional_only,50.0,2.0382382382382382,0.0646271160937189,1.0,0.9666666666666667,0.903,0.9,0.91005,4.0,4.0,5.0,30.0,28.0,33.099999999999994,68.0,62.0,73.0,26.0,23.9,29.0,0.031000000000000007,0.026999999999999996,0.037,60,0.8863601247107462,0.9908108735098498
L_ignition,L ignition,50,0.7,complex,success_original,fractional success,better,0,1,mixture,mixture pi=5%,1.0,0.05,random,0.02,random,traditional_only,50.0,2.0382382382382382,0.0646271160937189,1.0,0.9833333333333333,0.903,0.9,0.909,3.0,3.0,4.0,28.0,26.0,31.0,66.0,59.9,71.0,25.0,23.0,28.0,0.0355,0.029000000000000012,0.042,60,0.9114466177322051,0.9970519161391262
L_ignition,L ignition,50,0.7,complex,success_original,fractional success,better,0,1,mixture,mixture pi=5%,1.0,0.05,random,0.05,random,traditional_only,50.0,2.0382382382382382,0.0646271160937189,1.0,1.0,0.904,0.9,0.90805,1.0,1.0,2.0,26.0,24.0,28.0,63.0,58.0,70.0,25.0,23.0,27.0,0.051000000000000004,0.043949999999999996,0.056049999999999996,60,0.9398260695220669,0.9999999999999999
L_mechanism,L mechanism,20,0.7,complex,success_original,performance-conditioned,better,0,1,mixture,mixture pi=5%,0.96,0.05,clustered,0.01,random,traditional_only,20.0,2.65005005005005,0.03733268910500236,1.0,1.0,0.9095,0.666,0.92405,4.0,3.95,5.049999999999997,18.0,15.0,23.049999999999997,34.5,27.55,58.24999999999998,14.0,11.0,19.049999999999997,0.04050000000000002,0.03595,0.04610000000000004,60,0.9398260695220669,0.9999999999999999
L_mechanism,L mechanism,20,0.7,hazard,hazard,hazard,better,0,1,mixture,mixture pi=5%,0.96,0.05,clustered,0.01,random,traditional_only,20.0,2.65005005005005,0.03733268910500236,1.0,0.0,0.503,0.4779,0.52815,10.0,9.0,12.049999999999997,94.0,86.69999999999999,99.3,,,,84.0,77.1,89.0,0.015,0.01200000000000001,0.018000000000000002,60,0.0,0.06017393047793289
L_mechanism,L mechanism,20,0.7,simple,frequency_based,frequency-based,better,0,1,mixture,mixture pi=5%,0.96,0.05,clustered,0.01,random,traditional_only,20.0,2.65005005005005,0.03733268910500236,1.0,0.0,0.014499999999999999,0.01,0.022049999999999997,,,,,,,,,,,,,0.004999999999999999,0.0019500000000000003,0.007049999999999997,60,0.0,0.06017393047793289
L_mechanism,L mechanism,50,0.7,complex,success_original,performance-conditioned,better,0,1,mixture,mixture pi=5%,1.0,0.05,clustered,0.01,random,traditional_only,50.0,2.038838838838839,0.06472810297079047,1.0,0.9833333333333333,0.903,0.9,0.90905,4.0,4.0,5.0,30.0,27.95,33.05,67.0,61.900000000000006,75.0,25.0,23.0,29.0,0.030999999999999993,0.025999999999999995,0.037149999999999996,60,0.9114466177322051,0.9970519161391262
L_mechanism,L mechanism,50,0.7,hazard,hazard,hazard,better,0,1,mixture,mixture pi=5%,1.0,0.05,clustered,0.01,random,traditional_only,50.0,2.038838838838839,0.06472810297079047,1.0,0.0,0.497,0.4737,0.5261,10.0,9.0,11.049999999999997,96.0,88.0,100.0,,,,86.0,78.0,90.6,0.014000000000000012,0.012999999999999998,0.018000000000000002,60,0.0,0.06017393047793289
L_mechanism,L mechanism,50,0.7,simple,frequency_based,frequency-based,better,0,1,mixture,mixture pi=5%,1.0,0.05,clustered,0.01,random,traditional_only,50.0,2.038838838838839,0.06472810297079047,1.0,0.0,0.01,0.00795,0.013,,,,,,,,,,,,,0.0,0.0,0.002,60,0.0,0.06017393047793289
L_scale,L scale,10,0.7,complex,scale_original_clustered,original rule; 1% clustered seed,better,0,1,mixture,mixture pi=5%,1.0,0.05,clustered,0.01,random,traditional_only,10.0,3.264904904904905,0.026587419095562417,1.0,1.0,0.819,0.7301500000000001,0.9101,6.0,4.0,6.0,19.0,14.45,23.64999999999999,50.0,31.4,88.6,13.0,10.0,16.549999999999997,0.04199999999999998,0.03345,0.048549999999999996,50,0.9286499658256813,1.0
L_scale,L scale,15,0.7,complex,scale_original_clustered,original rule; 1% clustered seed,better,0,1,mixture,mixture pi=5%,1.0,0.05,clustered,0.01,random,traditional_only,15.0,2.843923923923924,0.030154232391571213,1.0,1.0,0.904,0.7053499999999999,0.9277500000000001,4.0,4.0,5.549999999999997,17.0,14.0,23.0,38.0,28.0,58.699999999999996,13.0,10.0,18.0,0.04300000000000002,0.03545000000000001,0.04954999999999998,50,0.9286499658256813,1.0
L_scale,L scale,30,0.7,complex,scale_original_clustered,original rule; 1% clustered seed,better,0,1,mixture,mixture pi=5%,0.96,0.05,clustered,0.01,random,traditional_only,30.0,2.398678678678679,0.04765602889067506,1.0,1.0,0.9065000000000001,0.9,0.9175500000000001,4.0,3.0,5.0,20.0,18.0,33.55,39.0,36.0,55.599999999999966,16.0,14.0,29.549999999999997,0.036000000000000004,0.031,0.04155,50,0.9286499658256813,1.0
L_scale,L scale,50,0.7,complex,scale_original_clustered,original rule; 1% clustered seed,better,0,1,mixture,mixture pi=5%,1.0,0.05,clustered,0.01,random,traditional_only,50.0,2.032192192192192,0.06368313622483308,1.0,1.0,0.904,0.9,0.9111,4.0,4.0,5.0,29.5,27.0,33.0,66.0,62.0,74.55,25.0,23.0,28.549999999999997,0.030999999999999993,0.02500000000000001,0.036000000000000004,50,0.9286499658256813,1.0
L_scale,L scale,100,0.7,complex,scale_original_clustered,original rule; 1% clustered seed,better,0,1,mixture,mixture pi=5%,0.98,0.05,clustered,0.01,random,traditional_only,100.0,1.9005805805805807,0.11183689472652421,1.0,0.0,0.6884999999999999,0.6425000000000001,0.71955,6.0,5.0,6.549999999999997,63.0,57.0,69.55,,,,57.0,51.45,63.55,0.025999999999999995,0.020999999999999998,0.03,50,0.0,0.07135003417431873
L_scale,L scale,150,0.7,complex,scale_original_clustered,original rule; 1% clustered seed,better,0,1,mixture,mixture pi=5%,0.97,0.05,clustered,0.01,random,traditional_only,150.0,1.852892892892893,0.15827671645953764,1.0,0.0,0.4805,0.4548,0.50655,8.0,6.45,9.0,98.0,94.4,100.0,,,,90.0,88.0,91.6,0.023,0.018000000000000002,0.028,50,0.0,0.07135003417431873
L_scale,L scale beyond human,200,0.7,complex,scale_original_clustered,original rule; 1% clustered seed,better,0,1,mixture,mixture pi=5%,1.0,0.05,clustered,0.01,random,traditional_only,200.0,1.8002002002002002,0.20604269614012224,1.0,0.0,0.379,0.35945,0.40854999999999997,10.0,8.0,11.549999999999997,,,,,,,,,,0.021000000000000005,0.017999999999999995,0.025,50,0.0,0.07135003417431873
L_thresholds,L thresholds,20,0.7,complex,equal_higher_variance,equal effort: variance,better,0,1,higher_variance,equal effort: variance,0.96,,clustered,0.01,none,traditional_only,20.0,2.647887887887888,0.03516112947417662,1.0,1.0,0.9165000000000001,0.901,0.93015,7.0,6.0,10.049999999999997,26.0,20.95,37.05,39.0,30.0,52.099999999999994,19.0,14.0,28.0,0.046999999999999986,0.03695000000000003,0.05599999999999994,60,0.9398260695220669,0.9999999999999999
L_thresholds,L thresholds,20,0.7,complex,equal_lower_mean,equal effort: lower mean,better,0,1,lower_mean,equal effort: lower mean,0.96,,clustered,0.01,none,traditional_only,20.0,2.647887887887888,0.03516112947417662,1.0,1.0,0.936,0.90295,0.9621,8.0,6.0,10.0,28.0,20.0,37.0,35.0,26.0,45.05,20.0,13.0,27.049999999999997,0.07599999999999996,0.06600000000000006,0.08699999999999997,60,0.9398260695220669,0.9999999999999999
L_thresholds,L thresholds,20,0.7,complex,equal_mixture,equal effort: mixture,better,0,1,mixture,equal effort: mixture,0.96,0.027472527472527476,clustered,0.01,random,traditional_only,20.0,2.647887887887888,0.03516112947417662,1.0,1.0,0.91,0.659,0.9221,5.0,4.0,6.049999999999997,22.0,17.0,31.0,43.0,30.700000000000003,71.6,17.0,12.0,24.049999999999997,0.039000000000000035,0.03189999999999992,0.04604999999999998,60,0.9398260695220669,0.9999999999999999
L_thresholds,L thresholds,20,0.7,complex,higher_variance,higher variance,better,0,1,higher_variance,higher variance,0.96,,clustered,0.01,none,traditional_only,20.0,2.647887887887888,0.03516112947417662,1.0,1.0,0.9165000000000001,0.90295,0.93105,7.0,6.0,9.0,21.0,17.0,25.0,29.5,24.95,37.0,13.0,11.0,17.0,0.057499999999999996,0.047000000000000035,0.06500000000000006,60,0.9398260695220669,0.9999999999999999
L_thresholds,L thresholds,20,0.7,complex,homogeneous,homogeneous,better,0,1,homogeneous,homogeneous,0.96,,clustered,0.01,none,traditional_only,20.0,2.647887887887888,0.03516112947417662,1.0,0.9666666666666667,0.909,0.5606500000000001,0.9241,7.0,6.0,10.049999999999997,32.5,20.0,47.05,57.0,35.0,92.0,24.0,13.0,38.05,0.03649999999999998,0.022899999999999966,0.04200000000000004,60,0.8863601247107462,0.9908108735098498
L_thresholds,L thresholds,20,0.7,complex,lower_mean,lower mean,better,0,1,lower_mean,lower mean,0.96,,clustered,0.01,none,traditional_only,20.0,2.647887887887888,0.03516112947417662,1.0,1.0,0.9355,0.906,0.961,7.0,6.0,10.0,26.0,20.0,35.0,33.0,26.950000000000003,43.05,19.0,13.95,26.0,0.07599999999999996,0.06394999999999995,0.08724999999999995,60,0.9398260695220669,0.9999999999999999
L_thresholds,L thresholds,20,0.7,complex,mixture_pi_1,mixture pi=1%,better,0,1,mixture,mixture pi=1%,0.96,0.01,clustered,0.01,random,traditional_only,20.0,2.647887887887888,0.03516112947417662,1.0,0.9833333333333333,0.9025000000000001,0.56495,0.921,6.0,5.0,9.0,27.0,20.95,43.14999999999999,49.0,35.0,84.1,20.5,14.950000000000001,35.099999999999994,0.035,0.025899999999999996,0.04300000000000004,60,0.9114466177322051,0.9970519161391262
L_thresholds,L thresholds,20,0.7,complex,mixture_pi_10,mixture pi=10%,better,0,1,mixture,mixture pi=10%,0.96,0.1,clustered,0.01,random,traditional_only,20.0,2.647887887887888,0.03516112947417662,1.0,1.0,0.911,0.9,0.9221,3.0,3.0,3.0,13.0,12.0,15.0,25.0,23.0,41.14999999999999,10.0,9.0,12.0,0.05800000000000001,0.05094999999999999,0.06905,60,0.9398260695220669,0.9999999999999999
L_thresholds,L thresholds,20,0.7,complex,mixture_pi_5,mixture pi=5%,better,0,1,mixture,mixture pi=5%,0.96,0.05,clustered,0.01,random,traditional_only,20.0,2.647887887887888,0.03516112947417662,1.0,1.0,0.91,0.6716000000000001,0.925,4.0,4.0,5.049999999999997,18.0,15.0,21.0,32.0,27.6,56.199999999999974,13.0,11.0,17.0,0.04099999999999999,0.03595,0.04699999999999993,60,0.9398260695220669,0.9999999999999999
L_thresholds,L thresholds,50,0.7,complex,equal_higher_variance,equal effort: variance,better,0,1,higher_variance,equal effort: variance,1.0,,clustered,0.01,none,traditional_only,50.0,2.031991991991992,0.0651043961596766,1.0,1.0,0.905,0.9,0.91605,9.0,7.0,11.0,34.0,30.0,42.05,58.0,53.95,69.0,25.0,22.0,33.0,0.025000000000000022,0.022949999999999915,0.028050000000000023,60,0.9398260695220669,0.9999999999999999
L_thresholds,L thresholds,50,0.7,complex,equal_lower_mean,equal effort: lower mean,better,0,1,lower_mean,equal effort: lower mean,1.0,,clustered,0.01,none,traditional_only,50.0,2.031991991991992,0.0651043961596766,1.0,1.0,0.9245000000000001,0.9019,0.944,8.5,7.0,11.0,32.0,27.95,39.05,43.0,39.0,50.05,23.0,20.0,30.0,0.04600000000000004,0.04200000000000004,0.05105000000000004,60,0.9398260695220669,0.9999999999999999
L_thresholds,L thresholds,50,0.7,complex,equal_mixture,equal effort: mixture,better,0,1,mixture,equal effort: mixture,1.0,0.026315789473684213,clustered,0.01,random,traditional_only,50.0,2.031991991991992,0.0651043961596766,1.0,0.9833333333333333,0.9025000000000001,0.90095,0.90905,6.0,5.0,7.0,32.0,30.0,36.05,70.5,64.95,78.05,26.0,24.0,30.049999999999997,0.023000000000000013,0.020000000000000018,0.027999999999999997,60,0.9114466177322051,0.9970519161391262
L_thresholds,L thresholds,50,0.7,complex,higher_variance,higher variance,better,0,1,higher_variance,higher variance,1.0,,clustered,0.01,none,traditional_only,50.0,2.031991991991992,0.0651043961596766,1.0,1.0,0.907,0.9,0.91505,8.0,7.0,10.049999999999997,27.0,24.0,33.0,47.0,43.0,53.0,19.0,17.0,23.049999999999997,0.03200000000000003,0.028000000000000025,0.03699999999999993,60,0.9398260695220669,0.9999999999999999
L_thresholds,L thresholds,50,0.7,complex,homogeneous,homogeneous,better,0,1,homogeneous,homogeneous,1.0,,clustered,0.01,none,traditional_only,50.0,2.031991991991992,0.0651043961596766,1.0,0.85,0.9025000000000001,0.9,0.90815,9.0,7.0,11.0,37.0,33.0,48.49999999999997,75.5,70.7,89.14999999999999,28.0,25.0,39.39999999999998,0.021999999999999936,0.018000000000000016,0.025000000000000022,60,0.7388517410884038,0.9190265075770431
L_thresholds,L thresholds,50,0.7,complex,lower_mean,lower mean,better,0,1,lower_mean,lower mean,1.0,,clustered,0.01,none,traditional_only,50.0,2.031991991991992,0.0651043961596766,1.0,1.0,0.918,0.9019,0.9410499999999999,9.0,7.0,12.0,31.5,28.0,43.14999999999999,42.5,40.0,54.14999999999999,22.0,20.0,36.0,0.04600000000000004,0.04194999999999993,0.05309999999999994,60,0.9398260695220669,0.9999999999999999
L_thresholds,L thresholds,50,0.7,complex,mixture_pi_1,mixture pi=1%,better,0,1,mixture,mixture pi=1%,1.0,0.01,clustered,0.01,random,traditional_only,50.0,2.031991991991992,0.0651043961596766,1.0,0.8666666666666667,0.903,0.9,0.909,7.0,6.0,10.0,35.0,32.0,45.05,74.0,68.9,87.0,27.0,25.0,37.05,0.02200000000000002,0.019000000000000017,0.023999999999999994,60,0.7583460540992789,0.9308597302169036
L_thresholds,L thresholds,50,0.7,complex,mixture_pi_10,mixture pi=10%,better,0,1,mixture,mixture pi=10%,1.0,0.1,clustered,0.01,random,traditional_only,50.0,2.031991991991992,0.0651043961596766,1.0,1.0,0.9045000000000001,0.9,0.911,3.0,3.0,3.0,26.0,24.0,28.049999999999997,63.0,57.0,69.0,23.0,21.0,25.049999999999997,0.055999999999999994,0.04895,0.06405,60,0.9398260695220669,0.9999999999999999
L_thresholds,L thresholds,50,0.7,complex,mixture_pi_5,mixture pi=5%,better,0,1,mixture,mixture pi=5%,1.0,0.05,clustered,0.01,random,traditional_only,50.0,2.031991991991992,0.0651043961596766,1.0,0.9833333333333333,0.9025000000000001,0.9,0.91005,4.0,4.0,5.0,30.0,27.95,33.05,69.0,62.949999999999996,76.05,26.0,23.0,28.049999999999997,0.029500000000000002,0.024950000000000007,0.03605,60,0.9114466177322051,0.9970519161391262
