section,k,beta,threshold_treatment,treatment_label,theta_mean,seed_fraction,variant,cascade_prob,final_adoption_median,final_adoption_p05,final_adoption_p95,t10_median,t10_p05,t10_p95,t50_median,t50_p05,t50_p95,t90_median,t90_p05,t90_p95,transition_time_median,transition_time_p05,transition_time_p95,max_slope_median,max_slope_p05,max_slope_p95,n_runs,cascade_prob_ci_low,cascade_prob_ci_high
calibration,20,0.7,homogeneous,homogeneous,0.6,0.001,homogeneous,0.95,0.995,0.8683,1.0,18.0,11.0,29.200000000000017,22.0,14.899999999999999,33.20000000000002,23.0,16.0,34.20000000000002,4.0,3.0,5.0,0.31049999999999994,0.27359999999999995,0.32515,20,0.7638641064874331,0.9911187805671268
calibration,20,0.7,homogeneous,homogeneous,0.6,0.003,homogeneous,1.0,0.996,0.9443,1.0,9.5,8.0,13.150000000000002,13.0,12.0,18.150000000000002,15.0,13.0,19.150000000000002,4.0,3.0,5.0,0.3075,0.28065,0.33114999999999994,20,0.8388698745050668,0.9999999999999999
calibration,20,0.7,homogeneous,homogeneous,0.6,0.006,homogeneous,1.0,0.9904999999999999,0.9228500000000001,1.0,7.0,5.949999999999999,9.250000000000004,10.5,9.0,12.300000000000004,12.0,10.95,14.300000000000004,4.0,3.0,4.0,0.31049999999999994,0.28190000000000004,0.33310000000000006,20,0.8388698745050668,0.9999999999999999
calibration,20,0.7,homogeneous,homogeneous,0.6,0.01,homogeneous,1.0,0.9924999999999999,0.9185,1.0,5.0,4.95,6.050000000000001,9.0,8.0,10.0,10.0,9.0,11.05,3.5,3.0,4.0,0.32099999999999995,0.279,0.33310000000000006,20,0.8388698745050668,0.9999999999999999
calibration,20,0.7,homogeneous,homogeneous,0.65,0.001,homogeneous,1.0,0.996,0.9195500000000001,1.0,16.0,10.95,32.05,20.5,14.950000000000001,37.050000000000004,22.0,16.95,39.0,5.0,4.0,6.0,0.2795,0.25070000000000003,0.29410000000000003,20,0.8388698745050668,0.9999999999999999
calibration,20,0.7,homogeneous,homogeneous,0.65,0.003,homogeneous,1.0,0.9824999999999999,0.9116,1.0,9.5,6.949999999999999,11.0,13.5,11.0,15.05,15.0,12.0,17.0,4.0,4.0,5.0,0.27699999999999997,0.2547,0.28800000000000003,20,0.8388698745050668,0.9999999999999999
calibration,20,0.7,homogeneous,homogeneous,0.65,0.006,homogeneous,1.0,0.9884999999999999,0.92015,1.0,7.0,5.949999999999999,8.0,11.0,10.0,13.0,13.0,11.95,14.0,4.0,3.95,5.0,0.27549999999999997,0.24680000000000002,0.2940499999999999,20,0.8388698745050668,0.9999999999999999
calibration,20,0.7,homogeneous,homogeneous,0.65,0.01,homogeneous,1.0,0.9904999999999999,0.92395,1.0,5.0,4.0,6.050000000000001,9.0,8.0,10.05,11.0,10.0,12.0,4.0,3.95,5.0,0.27749999999999997,0.25495,0.2896000000000001,20,0.8388698745050668,0.9999999999999999
calibration,20,0.7,homogeneous,homogeneous,0.7,0.001,homogeneous,1.0,0.9784999999999999,0.90295,0.999,19.0,12.85,40.05,26.5,18.85,49.050000000000004,28.0,20.85,51.0,7.0,6.0,8.100000000000001,0.24,0.22574999999999998,0.2502,20,0.8388698745050668,0.9999999999999999
calibration,20,0.7,homogeneous,homogeneous,0.7,0.003,homogeneous,1.0,0.9675,0.9173,0.99905,12.5,9.0,19.250000000000004,18.0,14.950000000000001,26.350000000000005,20.0,16.95,27.400000000000006,6.0,5.0,7.100000000000001,0.241,0.22494999999999998,0.25830000000000003,20,0.8388698745050668,0.9999999999999999
calibration,20,0.7,homogeneous,homogeneous,0.7,0.006,homogeneous,1.0,0.9704999999999999,0.9247500000000001,1.0,9.0,7.0,11.150000000000002,15.0,13.899999999999999,18.05,17.0,14.9,19.1,6.0,5.0,7.0,0.2425,0.22769999999999996,0.2581,20,0.8388698745050668,0.9999999999999999
calibration,20,0.7,homogeneous,homogeneous,0.7,0.01,homogeneous,1.0,0.984,0.9232,1.0,7.0,5.0,8.100000000000001,12.5,10.0,13.150000000000002,14.0,12.0,15.100000000000001,5.0,5.0,6.0,0.23650000000000004,0.22069999999999998,0.258,20,0.8388698745050668,0.9999999999999999
calibration,20,0.7,homogeneous,homogeneous,0.75,0.001,homogeneous,0.95,0.972,0.8588,0.99905,22.0,16.8,35.0,31.0,24.799999999999997,45.1,33.0,26.9,47.1,9.0,8.0,11.0,0.20600000000000002,0.17960000000000004,0.21514999999999998,20,0.7638641064874331,0.9911187805671268
calibration,20,0.7,homogeneous,homogeneous,0.75,0.003,homogeneous,1.0,0.9775,0.93235,0.99615,12.0,10.0,17.05,19.0,17.95,25.05,21.5,19.95,27.1,8.0,7.0,8.05,0.2015,0.18984999999999994,0.20899999999999996,20,0.8388698745050668,0.9999999999999999
calibration,20,0.7,homogeneous,homogeneous,0.75,0.006,homogeneous,1.0,0.984,0.9099499999999999,0.998,9.0,6.0,12.100000000000001,16.0,12.95,20.200000000000003,18.0,14.950000000000001,22.250000000000004,7.0,6.0,8.100000000000001,0.20549999999999996,0.19489999999999996,0.21120000000000008,20,0.8388698745050668,0.9999999999999999
calibration,20,0.7,homogeneous,homogeneous,0.75,0.01,homogeneous,1.0,0.958,0.9118999999999999,0.99615,7.0,5.0,8.05,14.0,12.0,15.05,16.0,14.0,17.1,7.0,6.0,7.050000000000001,0.19899999999999995,0.19195000000000004,0.20904999999999996,20,0.8388698745050668,0.9999999999999999
calibration,20,0.7,homogeneous,homogeneous,0.8,0.001,homogeneous,0.95,0.961,0.857,0.9842,21.0,14.0,42.50000000000001,34.0,23.8,59.70000000000001,37.0,26.8,62.60000000000001,13.0,9.8,18.1,0.16149999999999992,0.1454,0.16934999999999992,20,0.7638641064874331,0.9911187805671268
calibration,20,0.7,homogeneous,homogeneous,0.8,0.003,homogeneous,1.0,0.9715,0.9067000000000001,0.997,13.5,9.9,22.1,24.5,19.900000000000002,35.099999999999994,27.5,22.9,38.1,11.0,8.95,13.0,0.16550000000000004,0.16095000000000004,0.17250000000000004,20,0.8388698745050668,0.9999999999999999
calibration,20,0.7,homogeneous,homogeneous,0.8,0.006,homogeneous,1.0,0.965,0.9087500000000001,0.9910500000000001,9.5,7.0,12.350000000000005,19.0,15.95,23.450000000000006,21.5,18.950000000000003,26.450000000000006,9.0,8.0,11.100000000000001,0.16300000000000003,0.1539499999999999,0.17115000000000005,20,0.8388698745050668,0.9999999999999999
calibration,20,0.7,homogeneous,homogeneous,0.8,0.01,homogeneous,1.0,0.9795,0.9096,0.9951,7.0,5.949999999999999,9.05,15.5,13.0,19.1,18.0,15.95,22.1,9.0,7.0,10.05,0.16499999999999998,0.15674999999999992,0.17815000000000006,20,0.8388698745050668,0.9999999999999999
calibration,20,0.7,homogeneous,homogeneous,0.85,0.001,homogeneous,0.95,0.956,0.8645499999999999,0.9863500000000001,20.0,12.8,35.0,39.0,29.2,56.300000000000004,42.0,34.1,59.50000000000001,19.0,16.4,23.1,0.127,0.10734999999999999,0.13910000000000003,20,0.7638641064874331,0.9911187805671268
calibration,20,0.7,homogeneous,homogeneous,0.85,0.003,homogeneous,1.0,0.9395,0.90795,0.98015,13.0,9.0,25.05,28.5,21.95,47.3,32.0,25.0,51.3,15.5,12.0,22.300000000000004,0.126,0.11194999999999998,0.13340000000000002,20,0.8388698745050668,0.9999999999999999
calibration,20,0.7,homogeneous,homogeneous,0.85,0.006,homogeneous,1.0,0.9575,0.904,0.982,10.0,8.0,12.150000000000002,24.0,20.0,26.250000000000004,27.5,23.95,30.250000000000004,13.0,11.899999999999999,16.0,0.1265,0.11894999999999999,0.13705,20,0.8388698745050668,0.9999999999999999
calibration,20,0.7,homogeneous,homogeneous,0.85,0.01,homogeneous,1.0,0.9365,0.90285,0.98315,7.0,6.0,10.0,19.0,16.95,24.200000000000003,23.0,19.95,27.250000000000004,12.0,9.950000000000001,15.150000000000002,0.125,0.12045,0.13805,20,0.8388698745050668,0.9999999999999999
calibration,20,0.7,homogeneous,homogeneous,0.9,0.001,homogeneous,0.8,0.928,0.19569999999999999,0.9671,21.0,14.0,55.700000000000024,55.0,38.2,77.19999999999999,61.0,44.800000000000004,83.99999999999999,33.0,23.400000000000002,47.39999999999999,0.08250000000000002,0.007600000000000006,0.09499999999999997,20,0.5839782779742401,0.9193436467288
calibration,20,0.7,homogeneous,homogeneous,0.9,0.003,homogeneous,0.95,0.9325000000000001,0.90495,0.9588,13.5,10.0,19.05,37.0,30.900000000000002,56.55000000000001,45.0,37.800000000000004,61.750000000000014,23.0,19.95,42.25,0.08500000000000008,0.07319999999999996,0.09309999999999996,20,0.7638641064874331,0.9911187805671268
calibration,20,0.7,homogeneous,homogeneous,0.9,0.006,homogeneous,1.0,0.9404999999999999,0.9087500000000001,0.9621999999999999,10.5,8.95,14.100000000000001,30.0,24.950000000000003,53.050000000000004,36.5,30.95,61.050000000000004,20.0,15.95,38.05,0.08400000000000002,0.07689999999999995,0.09219999999999998,20,0.8388698745050668,0.9999999999999999
calibration,20,0.7,homogeneous,homogeneous,0.9,0.01,homogeneous,1.0,0.937,0.90575,0.96805,7.0,6.0,8.100000000000001,24.5,19.95,28.150000000000002,30.5,25.9,35.099999999999994,18.0,13.0,21.150000000000002,0.08499999999999996,0.07694999999999996,0.09610000000000009,20,0.8388698745050668,0.9999999999999999
calibration,20,0.7,homogeneous,homogeneous,0.95,0.001,homogeneous,0.15,0.553,0.36185,0.92415,19.0,13.0,34.150000000000006,68.0,50.5,88.0,80.5,69.8,92.9,47.5,35.3,70.6,0.017499999999999974,0.013949999999999985,0.04320000000000004,20,0.05236779195949584,0.36042329588695743
calibration,20,0.7,homogeneous,homogeneous,0.95,0.003,homogeneous,0.55,0.603,0.48315,0.92105,14.5,10.0,22.0,52.5,32.85,94.04999999999998,60.0,46.2,83.19999999999999,35.5,18.85,79.6,0.027500000000000024,0.016800000000000002,0.04204999999999993,20,0.3420820083075997,0.7418049791429071
calibration,20,0.7,homogeneous,homogeneous,0.95,0.006,homogeneous,0.8,0.91,0.5049,0.9233,10.0,7.0,12.150000000000002,33.0,25.900000000000002,62.90000000000001,59.0,40.9,82.70000000000002,23.0,16.9,49.100000000000016,0.03650000000000003,0.018000000000000016,0.044100000000000035,20,0.5839782779742401,0.9193436467288
calibration,20,0.7,homogeneous,homogeneous,0.95,0.01,homogeneous,0.95,0.9105000000000001,0.5734999999999999,0.93415,7.0,6.0,8.05,29.0,25.0,41.000000000000014,56.0,37.5,82.0,22.0,17.95,33.000000000000014,0.038000000000000034,0.023750000000000018,0.048050000000000044,20,0.7638641064874331,0.9911187805671268
calibration,20,0.7,homogeneous,homogeneous,0.9525,0.001,homogeneous,0.1,0.504,0.00095,0.9047499999999999,23.0,14.700000000000001,34.449999999999996,85.0,40.5,99.0,70.0,55.6,84.4,61.0,25.0,77.5,0.016999999999999994,0.0,0.032450000000000034,20,0.027865893984153206,0.30103820641179335
calibration,20,0.7,homogeneous,homogeneous,0.9525,0.003,homogeneous,0.55,0.907,0.5365500000000001,0.929,14.0,8.95,19.250000000000004,55.0,34.3,80.2,83.0,65.6,96.19999999999999,42.0,21.799999999999997,59.20000000000002,0.03550000000000003,0.019000000000000013,0.043100000000000034,20,0.3420820083075997,0.7418049791429071
calibration,20,0.7,homogeneous,homogeneous,0.9525,0.006,homogeneous,0.85,0.9095,0.49774999999999997,0.9304000000000001,10.0,7.0,12.05,41.0,25.95,78.05000000000001,63.0,36.65,88.25,31.0,17.9,67.95000000000002,0.03799999999999992,0.02100000000000002,0.04215000000000004,20,0.6395767041130426,0.9476322080405041
calibration,20,0.7,homogeneous,homogeneous,0.9525,0.01,homogeneous,0.9,0.909,0.5234,0.9253,7.0,6.0,9.0,28.5,22.849999999999998,51.400000000000006,52.0,35.6,78.0,21.0,15.85,43.5,0.03999999999999998,0.027700000000000023,0.04710000000000004,20,0.6989617935882066,0.9721341060158468
calibration,20,0.7,mixture,mixture_pi05,0.6,0.001,mixture_pi05,0.95,0.9935,0.8626,1.0,8.0,6.0,16.0,11.0,9.9,19.1,13.0,11.0,21.0,4.0,3.0,4.0,0.29749999999999993,0.25079999999999997,0.31515,20,0.7638641064874331,0.9911187805671268
calibration,20,0.7,mixture,mixture_pi05,0.6,0.003,mixture_pi05,1.0,0.98,0.91145,1.0,5.0,4.95,7.050000000000001,9.0,8.0,11.05,10.0,9.950000000000001,12.05,4.0,3.0,4.0,0.294,0.2579,0.30925,20,0.8388698745050668,0.9999999999999999
calibration,20,0.7,mixture,mixture_pi05,0.6,0.006,mixture_pi05,1.0,0.968,0.9218000000000001,1.0,4.0,3.95,5.0,8.0,7.0,8.05,9.0,8.0,10.0,4.0,3.0,4.0,0.29350000000000004,0.27069999999999994,0.30910000000000004,20,0.8388698745050668,0.9999999999999999
calibration,20,0.7,mixture,mixture_pi05,0.6,0.01,mixture_pi05,1.0,0.9744999999999999,0.9198000000000001,1.0,3.0,3.0,4.0,7.0,6.949999999999999,7.0,8.0,8.0,9.0,3.5,3.0,4.0,0.2909999999999999,0.2687,0.31205000000000005,20,0.8388698745050668,0.9999999999999999
calibration,20,0.7,mixture,mixture_pi05,0.65,0.001,mixture_pi05,0.95,0.978,0.8644999999999999,0.99905,9.0,6.8999999999999995,16.80000000000001,14.0,11.9,21.900000000000013,16.0,12.9,23.80000000000001,5.0,4.0,6.0,0.254,0.22039999999999998,0.26880000000000004,20,0.7638641064874331,0.9911187805671268
calibration,20,0.7,mixture,mixture_pi05,0.65,0.003,mixture_pi05,1.0,0.978,0.9186000000000001,0.99905,6.0,5.0,8.05,11.0,9.0,13.05,12.0,10.95,14.05,5.0,4.0,5.0,0.24900000000000005,0.23675,0.26945,20,0.8388698745050668,0.9999999999999999
calibration,20,0.7,mixture,mixture_pi05,0.65,0.006,mixture_pi05,1.0,0.9915,0.9266500000000001,1.0,5.0,4.0,6.050000000000001,9.5,9.0,11.05,11.0,10.95,12.100000000000001,5.0,4.0,5.0,0.2615,0.24085,0.27119999999999994,20,0.8388698745050668,0.9999999999999999
calibration,20,0.7,mixture,mixture_pi05,0.65,0.01,mixture_pi05,1.0,0.98,0.917,0.99905,4.0,3.0,5.0,8.0,7.95,9.0,10.0,9.0,11.0,4.0,4.0,5.0,0.2485,0.23079999999999998,0.26915,20,0.8388698745050668,0.9999999999999999
calibration,20,0.7,mixture,mixture_pi05,0.7,0.001,mixture_pi05,0.95,0.9724999999999999,0.8721,1.0,8.0,5.9,13.300000000000004,13.0,11.9,18.400000000000006,15.0,13.899999999999999,20.400000000000006,5.0,5.0,6.0,0.20850000000000002,0.18524999999999994,0.22599999999999998,20,0.7638641064874331,0.9911187805671268
calibration,20,0.7,mixture,mixture_pi05,0.7,0.003,mixture_pi05,1.0,0.978,0.9176,0.998,6.0,5.0,7.0,11.0,9.950000000000001,13.0,13.0,11.95,15.0,5.0,4.95,6.0,0.21449999999999997,0.20185000000000006,0.22729999999999997,20,0.8388698745050668,0.9999999999999999
calibration,20,0.7,mixture,mixture_pi05,0.7,0.006,mixture_pi05,1.0,0.969,0.9329500000000001,0.999,5.0,4.0,6.0,10.0,9.0,11.0,12.0,11.0,13.0,5.0,4.0,6.0,0.21499999999999997,0.20389999999999994,0.22799999999999998,20,0.8388698745050668,0.9999999999999999
calibration,20,0.7,mixture,mixture_pi05,0.7,0.01,mixture_pi05,1.0,0.9715,0.9117999999999999,0.999,4.0,3.0,4.050000000000001,9.0,8.0,9.0,11.0,10.0,11.0,5.0,4.0,5.0,0.21800000000000003,0.20370000000000005,0.22649999999999998,20,0.8388698745050668,0.9999999999999999
calibration,20,0.7,mixture,mixture_pi05,0.75,0.001,mixture_pi05,1.0,0.979,0.9048,0.99705,8.5,7.0,22.250000000000004,15.5,13.0,30.250000000000004,18.0,16.0,33.25,7.0,6.0,8.05,0.1765,0.16590000000000005,0.18614999999999993,20,0.8388698745050668,0.9999999999999999
calibration,20,0.7,mixture,mixture_pi05,0.75,0.003,mixture_pi05,1.0,0.947,0.908,0.9911500000000001,6.0,5.0,7.100000000000001,12.5,11.95,15.0,15.0,14.0,17.0,7.0,5.949999999999999,8.0,0.17449999999999993,0.16289999999999993,0.18420000000000006,20,0.8388698745050668,0.9999999999999999
calibration,20,0.7,mixture,mixture_pi05,0.75,0.006,mixture_pi05,1.0,0.9775,0.9154,0.9952,5.0,4.0,6.0,11.0,10.0,13.0,14.0,12.95,15.05,6.0,6.0,7.050000000000001,0.175,0.16674999999999993,0.18799999999999994,20,0.8388698745050668,0.9999999999999999
calibration,20,0.7,mixture,mixture_pi05,0.75,0.01,mixture_pi05,1.0,0.9495,0.90395,0.99305,4.0,4.0,5.050000000000001,10.0,9.0,12.0,13.0,12.0,14.0,6.0,5.0,7.0,0.17500000000000004,0.16794999999999993,0.18415000000000006,20,0.8388698745050668,0.9999999999999999
calibration,20,0.7,mixture,mixture_pi05,0.8,0.001,mixture_pi05,0.95,0.9524999999999999,0.8654499999999999,0.99,8.0,6.0,12.400000000000006,19.0,14.899999999999999,24.400000000000006,22.0,17.900000000000002,28.400000000000006,10.0,8.9,12.200000000000003,0.1345,0.12254999999999999,0.14620000000000002,20,0.7638641064874331,0.9911187805671268
calibration,20,0.7,mixture,mixture_pi05,0.8,0.003,mixture_pi05,1.0,0.9515,0.90965,0.98615,6.0,5.0,7.050000000000001,15.0,13.95,17.0,18.5,17.9,21.0,9.0,8.0,10.05,0.136,0.1277,0.14450000000000005,20,0.8388698745050668,0.9999999999999999
calibration,20,0.7,mixture,mixture_pi05,0.8,0.006,mixture_pi05,1.0,0.974,0.92395,0.9901500000000001,5.0,4.0,6.0,14.0,12.95,16.0,17.5,16.0,19.0,9.0,8.0,10.05,0.1355,0.1279,0.14830000000000004,20,0.8388698745050668,0.9999999999999999
calibration,20,0.7,mixture,mixture_pi05,0.8,0.01,mixture_pi05,1.0,0.9735,0.91165,0.991,4.0,3.0,5.0,12.0,10.95,14.0,16.0,14.950000000000001,17.0,8.0,7.0,9.05,0.1355,0.1267,0.14500000000000002,20,0.8388698745050668,0.9999999999999999
calibration,20,0.7,mixture,mixture_pi05,0.85,0.001,mixture_pi05,0.95,0.9355,0.8644999999999999,0.96645,9.0,6.8999999999999995,11.100000000000001,22.0,19.0,30.60000000000001,28.0,24.0,36.70000000000001,14.0,11.9,19.60000000000001,0.08950000000000002,0.07505000000000006,0.09719999999999998,20,0.7638641064874331,0.9911187805671268
calibration,20,0.7,mixture,mixture_pi05,0.85,0.003,mixture_pi05,1.0,0.9395,0.9038,0.96815,6.0,5.949999999999999,7.050000000000001,19.0,17.95,23.1,25.0,22.9,28.150000000000002,12.0,11.95,17.05,0.08950000000000002,0.08169999999999997,0.09599999999999997,20,0.8388698745050668,0.9999999999999999
calibration,20,0.7,mixture,mixture_pi05,0.85,0.006,mixture_pi05,1.0,0.9385,0.90195,0.9691,5.0,4.0,7.0,16.5,14.9,19.05,22.0,19.900000000000002,25.1,11.0,8.95,13.0,0.09199999999999997,0.07854999999999997,0.10304999999999997,20,0.8388698745050668,0.9999999999999999
calibration,20,0.7,mixture,mixture_pi05,0.85,0.01,mixture_pi05,1.0,0.9575,0.92905,0.972,4.0,3.0,4.050000000000001,15.0,12.95,17.05,20.0,17.95,22.1,11.0,9.0,13.0,0.09449999999999997,0.08374999999999996,0.10399999999999998,20,0.8388698745050668,0.9999999999999999
calibration,20,0.7,mixture,mixture_pi05,0.9,0.001,mixture_pi05,1.0,0.912,0.5558000000000001,0.9380499999999999,8.5,6.0,14.250000000000004,28.0,21.95,52.60000000000001,49.0,32.6,67.8,19.0,14.0,43.099999999999994,0.041000000000000036,0.027650000000000025,0.04919999999999994,20,0.8388698745050668,0.9999999999999999
calibration,20,0.7,mixture,mixture_pi05,0.9,0.003,mixture_pi05,1.0,0.9155,0.89775,0.9382999999999999,6.0,5.0,9.05,23.5,16.95,31.05,41.0,28.7,70.30000000000001,17.5,11.95,23.1,0.040500000000000036,0.03600000000000003,0.04945000000000005,20,0.8388698745050668,0.9999999999999999
calibration,20,0.7,mixture,mixture_pi05,0.9,0.006,mixture_pi05,1.0,0.919,0.88405,0.934,5.0,4.0,6.0,19.0,16.95,23.05,34.0,27.9,55.400000000000006,13.5,12.0,18.05,0.04400000000000004,0.036849999999999924,0.04899999999999994,20,0.8388698745050668,0.9999999999999999
calibration,20,0.7,mixture,mixture_pi05,0.9,0.01,mixture_pi05,1.0,0.913,0.889,0.93005,4.0,3.95,5.0,18.0,14.9,24.0,34.0,25.0,57.60000000000001,14.0,10.0,19.05,0.043999999999999956,0.03495,0.04844999999999994,20,0.8388698745050668,0.9999999999999999
calibration,20,0.7,mixture,mixture_pi05,0.95,0.001,mixture_pi05,0.95,0.905,0.51205,0.92105,9.0,8.0,13.100000000000001,31.0,23.0,43.400000000000006,52.0,38.599999999999994,83.0,22.0,14.899999999999999,31.80000000000001,0.035,0.02089999999999999,0.040149999999999936,20,0.7638641064874331,0.9911187805671268
calibration,20,0.7,mixture,mixture_pi05,0.95,0.003,mixture_pi05,1.0,0.905,0.68885,0.9251,6.0,5.0,8.05,22.0,17.0,31.300000000000004,48.0,32.2,66.2,15.0,11.95,25.200000000000003,0.03900000000000001,0.03294999999999997,0.043150000000000036,20,0.8388698745050668,0.9999999999999999
calibration,20,0.7,mixture,mixture_pi05,0.95,0.006,mixture_pi05,1.0,0.911,0.892,0.922,5.0,4.0,6.100000000000001,19.5,16.0,23.150000000000002,42.0,27.9,65.70000000000002,15.0,10.95,18.1,0.039000000000000014,0.03400000000000003,0.04825000000000004,20,0.8388698745050668,0.9999999999999999
calibration,20,0.7,mixture,mixture_pi05,0.95,0.01,mixture_pi05,1.0,0.9125000000000001,0.6846500000000001,0.92205,4.0,3.0,5.0,16.5,14.950000000000001,23.1,35.5,26.85,41.34999999999999,13.0,10.95,19.1,0.04100000000000001,0.03684999999999999,0.05010000000000005,20,0.8388698745050668,0.9999999999999999
calibration,20,0.7,mixture,mixture_pi05,0.9525,0.001,mixture_pi05,0.95,0.903,0.5710999999999999,0.92005,9.0,7.0,10.500000000000007,28.0,22.9,40.80000000000001,44.0,39.2,59.0,19.5,13.95,28.000000000000014,0.03499999999999995,0.027000000000000024,0.042049999999999976,20,0.7638641064874331,0.9911187805671268
calibration,20,0.7,mixture,mixture_pi05,0.9525,0.003,mixture_pi05,1.0,0.9155,0.89085,0.92705,6.0,5.0,8.0,20.0,17.95,27.05,37.0,33.0,59.800000000000026,14.0,12.0,20.05,0.04050000000000002,0.031949999999999985,0.046999999999999986,20,0.8388698745050668,0.9999999999999999
calibration,20,0.7,mixture,mixture_pi05,0.9525,0.006,mixture_pi05,1.0,0.913,0.65985,0.9235,5.0,4.0,6.050000000000001,19.0,15.95,25.300000000000004,35.0,26.8,60.39999999999999,14.5,11.0,20.250000000000004,0.041,0.03194999999999999,0.04899999999999994,20,0.8388698745050668,0.9999999999999999
calibration,20,0.7,mixture,mixture_pi05,0.9525,0.01,mixture_pi05,1.0,0.9055,0.9,0.9183500000000001,4.0,3.95,5.0,16.0,15.0,21.0,34.5,26.9,55.60000000000002,12.5,11.0,17.0,0.042,0.035949999999999975,0.049050000000000045,20,0.8388698745050668,0.9999999999999999
calibration,50,0.7,homogeneous,homogeneous,0.6,0.001,homogeneous,1.0,0.994,0.93245,1.0,13.0,9.950000000000001,17.0,16.0,12.95,20.05,17.0,14.0,21.05,3.0,3.0,4.0,0.33099999999999996,0.3058,0.356,20,0.8388698745050668,0.9999999999999999
calibration,50,0.7,homogeneous,homogeneous,0.6,0.003,homogeneous,1.0,1.0,0.9653,1.0,8.0,6.0,10.100000000000001,11.0,10.0,14.05,12.5,11.0,15.05,3.0,3.0,4.0,0.32799999999999996,0.29190000000000005,0.3516,20,0.8388698745050668,0.9999999999999999
calibration,50,0.7,homogeneous,homogeneous,0.6,0.006,homogeneous,1.0,0.997,0.9304,1.0,6.0,5.0,7.0,9.0,8.0,10.0,10.5,9.950000000000001,11.0,3.0,3.0,4.0,0.33399999999999996,0.28695,0.3563,20,0.8388698745050668,0.9999999999999999
calibration,50,0.7,homogeneous,homogeneous,0.6,0.01,homogeneous,1.0,0.9995,0.9629,1.0,5.0,4.0,5.050000000000001,8.0,7.0,9.0,9.0,9.0,10.0,3.0,3.0,4.0,0.316,0.28579999999999994,0.34904999999999997,20,0.8388698745050668,0.9999999999999999
calibration,50,0.7,homogeneous,homogeneous,0.65,0.001,homogeneous,1.0,0.9995,0.9088,1.0,10.5,7.95,16.250000000000004,14.5,11.95,19.300000000000004,16.0,12.95,21.250000000000004,4.0,3.0,4.0,0.2925,0.25795,0.3141500000000001,20,0.8388698745050668,0.9999999999999999
calibration,50,0.7,homogeneous,homogeneous,0.65,0.003,homogeneous,1.0,0.9955,0.90095,1.0,8.0,6.0,10.05,12.0,9.950000000000001,14.05,13.5,11.0,15.05,4.0,3.0,4.0,0.28950000000000004,0.26185,0.3102499999999999,20,0.8388698745050668,0.9999999999999999
calibration,50,0.7,homogeneous,homogeneous,0.65,0.006,homogeneous,1.0,0.9955,0.9198500000000001,1.0,6.0,5.0,7.100000000000001,10.0,9.0,11.100000000000001,11.0,11.0,13.05,4.0,3.0,4.0,0.29499999999999993,0.27265000000000006,0.3084,20,0.8388698745050668,0.9999999999999999
calibration,50,0.7,homogeneous,homogeneous,0.65,0.01,homogeneous,1.0,0.988,0.91495,1.0,5.0,4.0,6.0,9.0,8.0,10.0,10.0,9.950000000000001,11.05,4.0,3.0,4.0,0.29250000000000004,0.2619,0.31615,20,0.8388698745050668,0.9999999999999999
calibration,50,0.7,homogeneous,homogeneous,0.7,0.001,homogeneous,1.0,0.9935,0.9411999999999999,1.0,16.0,10.95,29.950000000000014,21.0,15.95,34.95000000000002,23.0,16.95,36.95000000000002,5.0,4.0,5.0,0.248,0.23384999999999997,0.26535,20,0.8388698745050668,0.9999999999999999
calibration,50,0.7,homogeneous,homogeneous,0.7,0.003,homogeneous,1.0,0.9964999999999999,0.9204,1.0,10.0,8.0,17.150000000000002,14.5,13.0,22.150000000000002,16.5,15.0,23.150000000000002,5.0,4.0,5.0,0.257,0.2359,0.2673,20,0.8388698745050668,0.9999999999999999
calibration,50,0.7,homogeneous,homogeneous,0.7,0.006,homogeneous,1.0,0.986,0.94395,1.0,7.0,6.0,9.200000000000003,12.0,10.95,14.200000000000003,13.5,12.0,15.250000000000004,5.0,4.0,5.0,0.2555,0.23459999999999998,0.26545,20,0.8388698745050668,0.9999999999999999
calibration,50,0.7,homogeneous,homogeneous,0.7,0.01,homogeneous,1.0,0.987,0.9169,1.0,6.0,5.0,7.050000000000001,11.0,10.0,12.05,12.0,11.95,13.05,5.0,4.0,5.0,0.2575,0.22899999999999998,0.26515,20,0.8388698745050668,0.9999999999999999
calibration,50,0.7,homogeneous,homogeneous,0.75,0.001,homogeneous,1.0,0.9975,0.92985,1.0,16.5,12.0,23.350000000000005,23.0,18.0,29.300000000000004,25.0,20.0,31.350000000000005,6.0,5.0,7.0,0.21850000000000003,0.20379999999999995,0.23035,20,0.8388698745050668,0.9999999999999999
calibration,50,0.7,homogeneous,homogeneous,0.75,0.003,homogeneous,1.0,0.973,0.9228000000000001,1.0,11.0,8.95,14.100000000000001,17.0,14.0,20.1,19.0,16.0,22.1,6.0,5.0,6.0,0.21700000000000003,0.20259999999999995,0.2244500000000001,20,0.8388698745050668,0.9999999999999999
calibration,50,0.7,homogeneous,homogeneous,0.75,0.006,homogeneous,1.0,0.9684999999999999,0.912,1.0,8.0,7.0,10.0,13.0,12.95,15.05,15.0,14.950000000000001,17.05,6.0,5.0,6.0,0.21400000000000002,0.19969999999999996,0.2312,20,0.8388698745050668,0.9999999999999999
calibration,50,0.7,homogeneous,homogeneous,0.75,0.01,homogeneous,1.0,0.9824999999999999,0.9486999999999999,0.99905,7.0,6.0,7.050000000000001,12.0,11.95,13.0,14.0,13.95,15.0,6.0,5.0,6.0,0.20949999999999996,0.19989999999999997,0.22319999999999998,20,0.8388698745050668,0.9999999999999999
calibration,50,0.7,homogeneous,homogeneous,0.8,0.001,homogeneous,0.95,0.9915,0.85595,1.0,17.0,13.0,30.80000000000001,25.0,20.9,39.70000000000001,28.0,22.900000000000002,42.70000000000001,8.0,7.0,8.200000000000003,0.1755,0.1510499999999999,0.18300000000000005,20,0.7638641064874331,0.9911187805671268
calibration,50,0.7,homogeneous,homogeneous,0.8,0.003,homogeneous,1.0,0.977,0.91245,1.0,12.0,9.0,15.100000000000001,19.0,16.9,23.05,21.5,18.950000000000003,26.0,7.0,6.0,8.0,0.17349999999999993,0.16080000000000003,0.18209999999999993,20,0.8388698745050668,0.9999999999999999
calibration,50,0.7,homogeneous,homogeneous,0.8,0.006,homogeneous,1.0,0.957,0.912,0.999,9.0,7.0,13.100000000000001,16.0,14.0,21.05,18.5,16.95,24.05,7.0,6.0,8.0,0.17550000000000004,0.16689999999999994,0.18809999999999993,20,0.8388698745050668,0.9999999999999999
calibration,50,0.7,homogeneous,homogeneous,0.8,0.01,homogeneous,1.0,0.988,0.939,1.0,7.0,5.949999999999999,10.0,14.5,13.0,18.0,17.0,15.0,20.0,7.0,6.0,8.0,0.1755,0.15995000000000004,0.17999999999999994,20,0.8388698745050668,0.9999999999999999
calibration,50,0.7,homogeneous,homogeneous,0.85,0.001,homogeneous,0.95,0.945,0.85595,0.9891000000000001,18.0,13.899999999999999,34.100000000000044,29.0,24.799999999999997,44.40000000000005,33.0,28.7,47.40000000000005,11.0,9.9,13.100000000000001,0.13299999999999995,0.1197,0.14115,20,0.7638641064874331,0.9911187805671268
calibration,50,0.7,homogeneous,homogeneous,0.85,0.003,homogeneous,1.0,0.978,0.903,0.9921,12.0,9.0,18.05,21.5,18.0,28.1,25.0,22.0,32.1,10.0,8.95,11.0,0.1305,0.12090000000000001,0.13915000000000002,20,0.8388698745050668,0.9999999999999999
calibration,50,0.7,homogeneous,homogeneous,0.85,0.006,homogeneous,1.0,0.9675,0.93085,0.9941,10.0,7.95,13.05,19.0,16.95,24.0,23.0,20.0,27.05,9.5,9.0,10.05,0.133,0.1259,0.14305,20,0.8388698745050668,0.9999999999999999
calibration,50,0.7,homogeneous,homogeneous,0.85,0.01,homogeneous,1.0,0.9455,0.90395,0.98205,8.0,6.949999999999999,10.0,18.0,15.95,21.0,21.0,19.0,24.0,9.5,8.95,11.05,0.13,0.1268,0.13909999999999992,20,0.8388698745050668,0.9999999999999999
calibration,50,0.7,homogeneous,homogeneous,0.9,0.001,homogeneous,0.95,0.943,0.85595,0.9793,19.0,12.8,39.300000000000004,40.0,26.8,66.9,46.0,31.9,72.00000000000001,20.0,12.9,31.500000000000007,0.08900000000000002,0.07885000000000007,0.09610000000000009,20,0.7638641064874331,0.9911187805671268
calibration,50,0.7,homogeneous,homogeneous,0.9,0.003,homogeneous,1.0,0.9345000000000001,0.90195,0.9703,13.0,9.950000000000001,19.200000000000003,27.5,22.0,43.099999999999994,33.5,28.0,48.1,14.0,12.95,24.0,0.09000000000000008,0.08494999999999997,0.09504999999999998,20,0.8388698745050668,0.9999999999999999
calibration,50,0.7,homogeneous,homogeneous,0.9,0.006,homogeneous,1.0,0.9444999999999999,0.9067500000000001,0.98005,10.0,7.95,12.100000000000001,24.0,19.95,26.200000000000003,30.0,25.0,32.150000000000006,14.0,11.95,15.05,0.08999999999999997,0.08299999999999996,0.09535000000000009,20,0.8388698745050668,0.9999999999999999
calibration,50,0.7,homogeneous,homogeneous,0.9,0.01,homogeneous,1.0,0.944,0.9039,0.9711000000000001,8.0,7.0,10.100000000000001,22.5,19.95,25.250000000000004,28.0,25.95,31.200000000000003,14.0,12.95,16.1,0.09050000000000002,0.08394999999999997,0.09615000000000008,20,0.8388698745050668,0.9999999999999999
calibration,50,0.7,homogeneous,homogeneous,0.95,0.001,homogeneous,0.75,0.9205000000000001,0.25120000000000003,0.9441499999999999,20.0,14.850000000000001,35.2,46.0,35.8,78.99999999999999,57.0,47.0,90.39999999999999,30.0,21.6,53.199999999999996,0.04500000000000004,0.010000000000000009,0.04909999999999994,20,0.5312949900419365,0.888139947210597
calibration,50,0.7,homogeneous,homogeneous,0.95,0.003,homogeneous,0.9,0.9235,0.87425,0.94405,13.0,8.95,16.0,41.0,32.699999999999996,55.30000000000003,52.0,42.9,66.40000000000003,27.0,21.0,42.90000000000003,0.04799999999999999,0.040700000000000035,0.05205000000000005,20,0.6989617935882066,0.9721341060158468
calibration,50,0.7,homogeneous,homogeneous,0.95,0.006,homogeneous,1.0,0.9205000000000001,0.90575,0.9431499999999999,10.0,8.0,15.05,34.0,30.0,43.75000000000001,45.5,41.0,54.80000000000001,23.5,21.95,34.55000000000001,0.04500000000000004,0.04279999999999993,0.052999999999999936,20,0.8388698745050668,0.9999999999999999
calibration,50,0.7,homogeneous,homogeneous,0.95,0.01,homogeneous,1.0,0.9225000000000001,0.9,0.9420499999999999,9.0,6.0,11.100000000000001,32.0,26.9,43.400000000000006,43.5,37.900000000000006,55.400000000000006,24.5,19.0,34.2,0.04700000000000004,0.04094999999999993,0.05105000000000004,20,0.8388698745050668,0.9999999999999999
calibration,50,0.7,homogeneous,homogeneous,0.9525,0.001,homogeneous,0.8,0.9205000000000001,0.37975000000000003,0.9355000000000001,18.5,12.0,35.100000000000016,48.0,40.099999999999994,68.89999999999996,60.0,51.0,77.0,31.0,23.85,47.649999999999984,0.044499999999999984,0.020549999999999964,0.04820000000000005,20,0.5839782779742401,0.9193436467288
calibration,50,0.7,homogeneous,homogeneous,0.9525,0.003,homogeneous,0.75,0.913,0.86955,0.9400499999999999,14.0,9.0,19.100000000000016,43.0,33.7,74.80000000000001,56.0,45.7,87.7,29.0,22.900000000000002,61.50000000000001,0.045499999999999985,0.03860000000000004,0.050050000000000046,20,0.5312949900419365,0.888139947210597
calibration,50,0.7,homogeneous,homogeneous,0.9525,0.006,homogeneous,1.0,0.9245000000000001,0.90095,0.9372000000000001,10.5,7.95,16.1,34.5,29.0,50.0,47.5,41.0,62.05,23.5,21.0,38.05,0.044499999999999984,0.04195000000000003,0.048100000000000045,20,0.8388698745050668,0.9999999999999999
calibration,50,0.7,homogeneous,homogeneous,0.9525,0.01,homogeneous,1.0,0.918,0.9038,0.9362500000000001,9.0,7.0,11.0,31.0,26.95,42.50000000000001,43.0,39.95,55.45,22.0,19.95,33.400000000000006,0.04399999999999993,0.03985000000000003,0.04705000000000004,20,0.8388698745050668,0.9999999999999999
calibration,50,0.7,mixture,mixture_pi05,0.6,0.001,mixture_pi05,1.0,0.994,0.91385,1.0,6.0,5.0,8.05,10.0,9.0,12.0,11.0,10.0,13.0,3.5,3.0,4.0,0.3055,0.27555,0.33244999999999997,20,0.8388698745050668,0.9999999999999999
calibration,50,0.7,mixture,mixture_pi05,0.6,0.003,mixture_pi05,1.0,0.9995,0.98345,1.0,5.0,4.0,6.050000000000001,8.0,7.0,10.05,9.5,9.0,11.05,3.0,3.0,4.0,0.301,0.2739,0.31715,20,0.8388698745050668,0.9999999999999999
calibration,50,0.7,mixture,mixture_pi05,0.6,0.006,mixture_pi05,1.0,0.9875,0.9221,1.0,4.0,3.0,4.050000000000001,7.0,7.0,8.0,9.0,8.0,9.0,3.0,3.0,4.0,0.317,0.27494999999999997,0.32625,20,0.8388698745050668,0.9999999999999999
calibration,50,0.7,mixture,mixture_pi05,0.6,0.01,mixture_pi05,1.0,0.997,0.9384999999999999,1.0,3.0,3.0,4.0,7.0,6.0,7.0,8.0,8.0,8.0,4.0,3.0,4.0,0.29650000000000004,0.26885,0.32799999999999996,20,0.8388698745050668,0.9999999999999999
calibration,50,0.7,mixture,mixture_pi05,0.65,0.001,mixture_pi05,0.95,0.997,0.86355,1.0,7.0,6.0,10.300000000000004,11.0,10.0,14.300000000000004,13.0,12.0,16.300000000000004,4.0,4.0,5.0,0.25549999999999995,0.22799999999999998,0.28030000000000005,20,0.7638641064874331,0.9911187805671268
calibration,50,0.7,mixture,mixture_pi05,0.65,0.003,mixture_pi05,1.0,0.9975,0.9287,1.0,5.0,4.95,7.0,9.0,8.95,11.0,11.0,10.0,12.05,4.0,4.0,4.050000000000001,0.27399999999999997,0.245,0.28830000000000006,20,0.8388698745050668,0.9999999999999999
calibration,50,0.7,mixture,mixture_pi05,0.65,0.006,mixture_pi05,1.0,0.999,0.91465,1.0,5.0,4.0,5.0,9.0,8.0,9.0,10.0,10.0,11.0,4.0,4.0,4.050000000000001,0.27,0.2467,0.28624999999999995,20,0.8388698745050668,0.9999999999999999
calibration,50,0.7,mixture,mixture_pi05,0.65,0.01,mixture_pi05,1.0,0.982,0.90885,1.0,4.0,3.0,4.0,8.0,7.0,8.0,9.0,9.0,10.0,4.0,4.0,4.050000000000001,0.272,0.2473,0.2833,20,0.8388698745050668,0.9999999999999999
calibration,50,0.7,mixture,mixture_pi05,0.7,0.001,mixture_pi05,1.0,0.996,0.90295,1.0,7.0,5.949999999999999,11.05,12.0,10.95,16.05,14.0,12.95,18.05,5.0,4.0,6.0,0.22399999999999998,0.20594999999999997,0.23435,20,0.8388698745050668,0.9999999999999999
calibration,50,0.7,mixture,mixture_pi05,0.7,0.003,mixture_pi05,1.0,0.985,0.9256500000000001,1.0,5.0,4.0,6.050000000000001,10.0,9.0,11.05,12.0,11.0,13.05,5.0,4.0,5.050000000000001,0.22600000000000003,0.2109000000000001,0.23925,20,0.8388698745050668,0.9999999999999999
calibration,50,0.7,mixture,mixture_pi05,0.7,0.006,mixture_pi05,1.0,0.997,0.9493,1.0,4.0,4.0,5.050000000000001,9.5,9.0,10.05,11.5,11.0,12.05,5.0,5.0,5.050000000000001,0.22699999999999998,0.20700000000000007,0.239,20,0.8388698745050668,0.9999999999999999
calibration,50,0.7,mixture,mixture_pi05,0.7,0.01,mixture_pi05,1.0,0.9944999999999999,0.9527999999999999,1.0,4.0,3.0,4.0,9.0,8.0,9.0,11.0,10.0,11.0,5.0,5.0,5.050000000000001,0.21850000000000003,0.20894999999999997,0.2376,20,0.8388698745050668,0.9999999999999999
calibration,50,0.7,mixture,mixture_pi05,0.75,0.001,mixture_pi05,1.0,0.9735,0.9179,1.0,7.0,6.0,10.05,13.5,13.0,17.0,16.0,15.0,19.05,6.5,6.0,7.0,0.18549999999999994,0.17384999999999992,0.19499999999999995,20,0.8388698745050668,0.9999999999999999
calibration,50,0.7,mixture,mixture_pi05,0.75,0.003,mixture_pi05,1.0,0.9775,0.9354,1.0,5.0,4.95,7.0,12.0,11.0,13.0,14.0,13.95,15.0,6.0,6.0,7.0,0.1825,0.17300000000000004,0.19234999999999997,20,0.8388698745050668,0.9999999999999999
calibration,50,0.7,mixture,mixture_pi05,0.75,0.006,mixture_pi05,1.0,0.9795,0.91075,1.0,5.0,4.0,5.050000000000001,11.0,10.0,12.0,13.0,12.95,14.0,6.0,6.0,7.0,0.18750000000000006,0.17589999999999995,0.19725000000000006,20,0.8388698745050668,0.9999999999999999
calibration,50,0.7,mixture,mixture_pi05,0.75,0.01,mixture_pi05,1.0,0.979,0.91645,1.0,4.0,3.95,5.0,10.0,9.950000000000001,11.0,13.0,12.0,13.05,6.0,5.949999999999999,6.050000000000001,0.185,0.17859999999999993,0.19500000000000006,20,0.8388698745050668,0.9999999999999999
calibration,50,0.7,mixture,mixture_pi05,0.8,0.001,mixture_pi05,1.0,0.9715,0.91465,0.9941,8.0,6.949999999999999,11.250000000000004,17.0,15.0,20.250000000000004,20.0,18.950000000000003,23.300000000000004,9.0,8.0,9.0,0.14350000000000002,0.13090000000000002,0.15105000000000002,20,0.8388698745050668,0.9999999999999999
calibration,50,0.7,mixture,mixture_pi05,0.8,0.003,mixture_pi05,1.0,0.96,0.925,0.99215,6.0,5.0,8.0,14.0,13.95,16.05,17.0,17.0,19.05,8.0,8.0,9.0,0.13999999999999996,0.134,0.15019999999999992,20,0.8388698745050668,0.9999999999999999
calibration,50,0.7,mixture,mixture_pi05,0.8,0.006,mixture_pi05,1.0,0.9735,0.9076500000000001,0.99605,5.0,4.0,6.0,13.0,12.95,15.05,17.0,16.0,18.05,8.5,8.0,10.0,0.14250000000000002,0.1337,0.14730000000000001,20,0.8388698745050668,0.9999999999999999
calibration,50,0.7,mixture,mixture_pi05,0.8,0.01,mixture_pi05,1.0,0.9724999999999999,0.9124,0.9961,4.0,4.0,5.0,12.5,11.95,13.05,16.0,15.0,17.0,8.0,7.0,9.0,0.14100000000000001,0.13495000000000001,0.14734999999999993,20,0.8388698745050668,0.9999999999999999
calibration,50,0.7,mixture,mixture_pi05,0.85,0.001,mixture_pi05,0.9,0.943,0.0,0.97515,9.0,7.0,14.149999999999999,21.0,18.7,26.299999999999997,26.0,23.85,31.299999999999997,12.0,10.850000000000001,13.149999999999999,0.09599999999999997,0.0,0.10419999999999997,20,0.6989617935882066,0.9721341060158468
calibration,50,0.7,mixture,mixture_pi05,0.85,0.003,mixture_pi05,1.0,0.951,0.90385,0.98515,6.0,5.0,7.050000000000001,18.0,17.0,20.05,23.0,22.0,25.1,12.0,11.0,13.05,0.09749999999999998,0.09000000000000008,0.1031000000000001,20,0.8388698745050668,0.9999999999999999
calibration,50,0.7,mixture,mixture_pi05,0.85,0.006,mixture_pi05,1.0,0.952,0.90785,0.979,5.0,4.95,6.0,17.0,15.95,18.0,22.0,20.95,23.05,12.0,10.95,12.05,0.09849999999999998,0.09094999999999998,0.10509999999999999,20,0.8388698745050668,0.9999999999999999
calibration,50,0.7,mixture,mixture_pi05,0.85,0.01,mixture_pi05,1.0,0.947,0.90095,0.9791,4.0,4.0,5.0,16.0,15.0,17.0,21.0,20.0,22.05,12.0,11.0,13.0,0.09600000000000003,0.08994999999999997,0.10709999999999999,20,0.8388698745050668,0.9999999999999999
calibration,50,0.7,mixture,mixture_pi05,0.9,0.001,mixture_pi05,0.95,0.9245000000000001,0.8588,0.9462999999999999,8.0,6.8999999999999995,17.300000000000004,28.0,25.900000000000002,36.70000000000001,38.0,36.0,46.70000000000001,20.0,18.0,23.1,0.052499999999999936,0.04465000000000004,0.05999999999999994,20,0.7638641064874331,0.9911187805671268
calibration,50,0.7,mixture,mixture_pi05,0.9,0.003,mixture_pi05,1.0,0.934,0.9098999999999999,0.9491999999999999,6.0,5.949999999999999,7.100000000000001,26.0,22.95,28.1,36.0,33.949999999999996,39.05,20.0,17.0,21.0,0.05250000000000005,0.050849999999999944,0.05709999999999994,20,0.8388698745050668,0.9999999999999999
calibration,50,0.7,mixture,mixture_pi05,0.9,0.006,mixture_pi05,1.0,0.9255,0.903,0.9440999999999999,5.0,4.0,6.050000000000001,24.0,23.0,27.200000000000003,35.0,32.0,37.2,19.5,18.0,22.200000000000003,0.051000000000000045,0.04890000000000004,0.05600000000000005,20,0.8388698745050668,0.9999999999999999
calibration,50,0.7,mixture,mixture_pi05,0.9,0.01,mixture_pi05,1.0,0.921,0.904,0.9471499999999999,4.0,4.0,5.050000000000001,24.0,22.0,26.05,34.5,32.0,36.05,20.0,17.95,21.05,0.05349999999999999,0.04695000000000004,0.05710000000000005,20,0.8388698745050668,0.9999999999999999
calibration,50,0.7,mixture,mixture_pi05,0.95,0.001,mixture_pi05,1.0,0.904,0.9,0.90915,8.0,6.949999999999999,10.05,35.0,31.9,37.050000000000004,72.5,65.0,78.1,27.0,24.0,28.0,0.026000000000000002,0.022,0.032,20,0.8388698745050668,0.9999999999999999
calibration,50,0.7,mixture,mixture_pi05,0.95,0.003,mixture_pi05,1.0,0.904,0.9,0.908,6.0,5.0,8.05,32.0,29.900000000000002,34.05,69.5,65.95,75.0,26.0,23.95,28.0,0.0285,0.02285,0.032100000000000004,20,0.8388698745050668,0.9999999999999999
calibration,50,0.7,mixture,mixture_pi05,0.95,0.006,mixture_pi05,1.0,0.904,0.9,0.909,5.0,4.0,6.0,30.0,27.95,34.0,69.5,64.95,73.10000000000001,26.0,23.95,28.05,0.030999999999999996,0.024949999999999993,0.036250000000000004,20,0.8388698745050668,0.9999999999999999
calibration,50,0.7,mixture,mixture_pi05,0.95,0.01,mixture_pi05,1.0,0.906,0.9,0.9101,4.0,4.0,5.0,29.5,27.0,31.05,66.0,63.0,71.1,25.0,23.0,26.1,0.0315,0.02590000000000002,0.039,20,0.8388698745050668,0.9999999999999999
calibration,50,0.7,mixture,mixture_pi05,0.9525,0.001,mixture_pi05,1.0,0.903,0.9,0.906,8.0,6.949999999999999,11.350000000000005,34.0,31.95,46.05,72.0,67.0,85.10000000000001,26.0,23.95,30.400000000000006,0.02650000000000001,0.0238,0.03210000000000001,20,0.8388698745050668,0.9999999999999999
calibration,50,0.7,mixture,mixture_pi05,0.9525,0.003,mixture_pi05,1.0,0.904,0.9,0.9093,6.0,5.0,7.050000000000001,31.5,29.0,34.1,68.5,61.95,72.15,25.5,24.0,28.05,0.027999999999999997,0.024999999999999998,0.033049999999999996,20,0.8388698745050668,0.9999999999999999
calibration,50,0.7,mixture,mixture_pi05,0.9525,0.006,mixture_pi05,1.0,0.904,0.9,0.9081,5.0,4.0,6.050000000000001,30.5,27.95,33.1,68.5,65.9,76.15,25.0,23.0,28.1,0.030500000000000003,0.023949999999999996,0.034050000000000004,20,0.8388698745050668,0.9999999999999999
calibration,50,0.7,mixture,mixture_pi05,0.9525,0.01,mixture_pi05,1.0,0.903,0.9,0.9062,4.0,4.0,5.0,31.0,27.95,33.2,68.0,63.9,78.05,26.0,23.0,29.200000000000003,0.030999999999999993,0.025900000000000006,0.035300000000000005,20,0.8388698745050668,0.9999999999999999
calibration,100,0.7,homogeneous,homogeneous,0.6,0.001,homogeneous,1.0,0.9964999999999999,0.9058,1.0,10.5,8.0,20.1,13.5,11.0,23.1,14.5,12.0,24.1,3.0,3.0,4.0,0.34299999999999997,0.29255,0.36214999999999997,20,0.8388698745050668,0.9999999999999999
calibration,100,0.7,homogeneous,homogeneous,0.6,0.003,homogeneous,1.0,1.0,0.94815,1.0,7.0,6.0,12.100000000000001,10.0,9.0,15.100000000000001,11.5,10.0,16.1,3.0,3.0,4.0,0.33499999999999996,0.28875,0.3654,20,0.8388698745050668,0.9999999999999999
calibration,100,0.7,homogeneous,homogeneous,0.6,0.006,homogeneous,1.0,1.0,0.90495,1.0,5.0,5.0,7.0,9.0,8.0,10.0,10.0,9.0,11.0,3.0,3.0,4.0,0.33649999999999997,0.28785,0.3631,20,0.8388698745050668,0.9999999999999999
calibration,100,0.7,homogeneous,homogeneous,0.6,0.01,homogeneous,1.0,1.0,0.9557,1.0,5.0,4.0,5.050000000000001,8.0,7.0,9.05,9.0,9.0,10.05,3.0,3.0,4.0,0.326,0.2969,0.36255,20,0.8388698745050668,0.9999999999999999
calibration,100,0.7,homogeneous,homogeneous,0.65,0.001,homogeneous,0.95,0.9944999999999999,0.85785,1.0,13.0,9.0,18.400000000000006,17.0,13.0,22.300000000000004,18.0,14.0,23.400000000000006,4.0,3.0,4.0,0.303,0.2489,0.31914999999999993,20,0.7638641064874331,0.9911187805671268
calibration,100,0.7,homogeneous,homogeneous,0.65,0.003,homogeneous,1.0,0.9884999999999999,0.9287000000000001,1.0,8.0,6.949999999999999,11.05,11.0,10.0,15.0,13.0,12.0,16.05,4.0,3.0,4.0,0.30000000000000004,0.2648,0.32210000000000005,20,0.8388698745050668,0.9999999999999999
calibration,100,0.7,homogeneous,homogeneous,0.65,0.006,homogeneous,1.0,0.9975,0.9555499999999999,1.0,6.0,5.949999999999999,8.05,10.0,9.0,11.100000000000001,11.0,10.95,13.05,4.0,3.0,4.0,0.28550000000000003,0.26055,0.31604999999999994,20,0.8388698745050668,0.9999999999999999
calibration,100,0.7,homogeneous,homogeneous,0.65,0.01,homogeneous,1.0,1.0,0.9105,1.0,5.0,4.95,6.0,9.0,8.0,9.05,10.0,10.0,11.0,4.0,3.0,4.0,0.288,0.26489999999999997,0.32119999999999993,20,0.8388698745050668,0.9999999999999999
calibration,100,0.7,homogeneous,homogeneous,0.7,0.001,homogeneous,1.0,0.9904999999999999,0.9374499999999999,1.0,11.5,9.0,19.250000000000004,16.5,13.0,24.200000000000003,18.0,15.0,25.250000000000004,4.0,4.0,5.0,0.2665,0.2407,0.2762,20,0.8388698745050668,0.9999999999999999
calibration,100,0.7,homogeneous,homogeneous,0.7,0.003,homogeneous,1.0,0.992,0.9475,1.0,9.0,7.0,12.150000000000002,13.5,11.95,17.150000000000002,15.0,13.0,19.1,4.5,4.0,5.0,0.264,0.2287,0.2754499999999999,20,0.8388698745050668,0.9999999999999999
calibration,100,0.7,homogeneous,homogeneous,0.7,0.006,homogeneous,1.0,0.993,0.9133,1.0,7.0,6.0,9.0,12.0,11.0,14.0,13.5,12.0,15.05,5.0,4.0,5.0,0.259,0.23479999999999998,0.2771999999999999,20,0.8388698745050668,0.9999999999999999
calibration,100,0.7,homogeneous,homogeneous,0.7,0.01,homogeneous,1.0,0.9984999999999999,0.91475,1.0,6.0,5.0,7.0,11.0,10.0,11.0,12.0,11.0,13.0,5.0,4.0,5.0,0.252,0.23585000000000012,0.27705,20,0.8388698745050668,0.9999999999999999
calibration,100,0.7,homogeneous,homogeneous,0.75,0.001,homogeneous,1.0,0.983,0.9087000000000001,1.0,13.5,10.0,23.0,18.5,15.0,29.0,20.5,17.95,31.0,5.5,5.0,6.0,0.21849999999999997,0.19889999999999997,0.23204999999999998,20,0.8388698745050668,0.9999999999999999
calibration,100,0.7,homogeneous,homogeneous,0.75,0.003,homogeneous,1.0,0.9935,0.90795,1.0,9.5,8.0,15.05,16.0,14.0,20.05,18.0,16.0,22.05,6.0,5.0,6.050000000000001,0.21249999999999997,0.19679999999999997,0.23114999999999997,20,0.8388698745050668,0.9999999999999999
calibration,100,0.7,homogeneous,homogeneous,0.75,0.006,homogeneous,1.0,0.9975,0.91835,1.0,8.0,7.0,10.0,14.0,12.95,15.05,16.0,15.0,17.05,6.0,5.0,6.0,0.20999999999999996,0.19579999999999997,0.2342,20,0.8388698745050668,0.9999999999999999
calibration,100,0.7,homogeneous,homogeneous,0.75,0.01,homogeneous,1.0,0.9864999999999999,0.90385,1.0,7.0,6.0,8.05,12.0,11.0,14.0,14.0,13.0,16.0,5.0,5.0,6.0,0.22000000000000003,0.20659999999999998,0.22999999999999998,20,0.8388698745050668,0.9999999999999999
calibration,100,0.7,homogeneous,homogeneous,0.8,0.001,homogeneous,1.0,0.9804999999999999,0.9239,1.0,16.0,13.0,20.05,23.0,20.0,27.1,25.5,22.95,29.1,7.0,7.0,8.0,0.176,0.16784999999999994,0.19199999999999995,20,0.8388698745050668,0.9999999999999999
calibration,100,0.7,homogeneous,homogeneous,0.8,0.003,homogeneous,1.0,0.987,0.9058,1.0,12.0,9.950000000000001,16.0,19.0,17.0,23.0,22.0,20.0,26.0,7.0,6.949999999999999,8.0,0.17050000000000004,0.16395,0.18614999999999993,20,0.8388698745050668,0.9999999999999999
calibration,100,0.7,homogeneous,homogeneous,0.8,0.006,homogeneous,1.0,0.989,0.9077500000000001,1.0,9.5,8.0,12.05,16.0,15.0,19.05,19.0,18.0,22.05,7.0,6.949999999999999,8.0,0.17550000000000004,0.16480000000000003,0.19099999999999995,20,0.8388698745050668,0.9999999999999999
calibration,100,0.7,homogeneous,homogeneous,0.8,0.01,homogeneous,1.0,0.9795,0.928,1.0,8.0,7.0,10.05,15.0,14.0,17.05,18.0,17.0,19.05,7.0,6.949999999999999,8.0,0.17899999999999994,0.16279999999999994,0.18719999999999995,20,0.8388698745050668,0.9999999999999999
calibration,100,0.7,homogeneous,homogeneous,0.85,0.001,homogeneous,0.95,0.973,0.85595,0.99805,16.0,12.0,25.100000000000016,26.0,21.0,35.100000000000016,30.0,24.9,39.100000000000016,10.0,9.0,10.0,0.1315,0.1216,0.13835000000000003,20,0.7638641064874331,0.9911187805671268
calibration,100,0.7,homogeneous,homogeneous,0.85,0.003,homogeneous,1.0,0.977,0.91695,0.99805,12.5,12.0,15.0,23.0,21.0,24.05,26.0,25.0,28.05,10.0,9.0,10.05,0.136,0.12795,0.1451,20,0.8388698745050668,0.9999999999999999
calibration,100,0.7,homogeneous,homogeneous,0.85,0.006,homogeneous,1.0,0.954,0.9085500000000001,1.0,11.0,9.0,13.05,20.0,19.0,23.05,24.0,22.0,26.1,10.0,9.0,10.0,0.132,0.12795,0.14,20,0.8388698745050668,0.9999999999999999
calibration,100,0.7,homogeneous,homogeneous,0.85,0.01,homogeneous,1.0,0.9704999999999999,0.9019,0.99905,9.0,8.0,11.0,19.0,17.95,20.05,22.5,21.0,24.05,10.0,9.0,10.0,0.134,0.12495,0.1413,20,0.8388698745050668,0.9999999999999999
calibration,100,0.7,homogeneous,homogeneous,0.9,0.001,homogeneous,1.0,0.955,0.9166,0.9813,19.5,14.9,45.2,34.0,27.95,60.150000000000006,40.0,33.949999999999996,66.15,14.0,13.0,15.05,0.09099999999999997,0.08500000000000008,0.09629999999999998,20,0.8388698745050668,0.9999999999999999
calibration,100,0.7,homogeneous,homogeneous,0.9,0.003,homogeneous,1.0,0.942,0.90095,0.9793499999999999,16.0,12.0,19.05,30.0,26.9,34.05,36.0,32.9,40.0,15.0,13.0,15.05,0.08950000000000002,0.07994999999999997,0.09499999999999997,20,0.8388698745050668,0.9999999999999999
calibration,100,0.7,homogeneous,homogeneous,0.9,0.006,homogeneous,1.0,0.948,0.91835,0.9781,13.0,11.0,14.400000000000006,27.5,24.950000000000003,29.350000000000005,33.0,30.95,35.35,14.0,13.0,15.0,0.09000000000000002,0.08389999999999997,0.09709999999999998,20,0.8388698745050668,0.9999999999999999
calibration,100,0.7,homogeneous,homogeneous,0.9,0.01,homogeneous,1.0,0.957,0.9129,0.98305,11.0,10.0,13.150000000000002,25.0,23.0,28.1,30.0,29.0,34.05,14.0,13.0,15.0,0.09250000000000003,0.08689999999999996,0.09605000000000008,20,0.8388698745050668,0.9999999999999999
calibration,100,0.7,homogeneous,homogeneous,0.95,0.001,homogeneous,1.0,0.9215,0.90285,0.9430499999999999,20.5,15.9,35.15,49.5,41.0,66.05,62.0,53.95,79.0,28.0,25.95,32.1,0.04550000000000004,0.04395000000000004,0.05010000000000005,20,0.8388698745050668,0.9999999999999999
calibration,100,0.7,homogeneous,homogeneous,0.95,0.003,homogeneous,1.0,0.9255,0.90095,0.9431499999999999,15.0,13.0,18.200000000000003,42.5,39.9,47.5,54.0,51.9,59.5,27.0,25.0,29.300000000000004,0.04700000000000004,0.041000000000000036,0.05110000000000005,20,0.8388698745050668,0.9999999999999999
calibration,100,0.7,homogeneous,homogeneous,0.95,0.006,homogeneous,1.0,0.918,0.90395,0.9414499999999999,13.5,11.0,17.05,42.0,37.95,45.10000000000001,53.5,49.95,57.150000000000006,27.0,26.0,30.0,0.04600000000000004,0.042900000000000035,0.05310000000000004,20,0.8388698745050668,0.9999999999999999
calibration,100,0.7,homogeneous,homogeneous,0.95,0.01,homogeneous,1.0,0.9195,0.90095,0.9391499999999999,11.0,10.0,14.05,39.0,37.0,41.050000000000004,51.0,49.0,53.050000000000004,27.0,26.0,29.0,0.04600000000000004,0.041000000000000036,0.05010000000000004,20,0.8388698745050668,0.9999999999999999
calibration,100,0.7,homogeneous,homogeneous,0.9525,0.001,homogeneous,0.85,0.926,0.78865,0.9352500000000001,22.5,17.0,34.150000000000006,52.0,44.9,80.9,64.0,58.0,81.79999999999998,29.0,27.0,48.400000000000006,0.04350000000000004,0.03849999999999993,0.04699999999999994,20,0.6395767041130426,0.9476322080405041
calibration,100,0.7,homogeneous,homogeneous,0.9525,0.003,homogeneous,1.0,0.9215,0.901,0.9363500000000001,16.5,14.0,21.05,44.0,42.0,52.0,57.0,54.95,64.0,29.0,26.0,31.05,0.04349999999999998,0.03900000000000003,0.049100000000000046,20,0.8388698745050668,0.9999999999999999
calibration,100,0.7,homogeneous,homogeneous,0.9525,0.006,homogeneous,1.0,0.9245000000000001,0.9029,0.9381999999999999,13.5,11.95,18.1,43.0,39.9,50.05,56.0,52.9,62.05,29.0,27.0,31.1,0.04400000000000004,0.040950000000000035,0.047150000000000046,20,0.8388698745050668,0.9999999999999999
calibration,100,0.7,homogeneous,homogeneous,0.9525,0.01,homogeneous,1.0,0.922,0.9098999999999999,0.942,12.0,10.0,15.100000000000001,40.5,38.0,44.1,53.0,50.0,58.05,28.0,26.0,31.05,0.04399999999999993,0.039950000000000034,0.04720000000000005,20,0.8388698745050668,0.9999999999999999
calibration,100,0.7,mixture,mixture_pi05,0.6,0.001,mixture_pi05,1.0,0.9995,0.95875,1.0,6.5,5.0,8.0,10.0,9.0,11.05,11.0,10.0,13.0,3.5,3.0,4.0,0.31699999999999995,0.27455,0.33809999999999996,20,0.8388698745050668,0.9999999999999999
calibration,100,0.7,mixture,mixture_pi05,0.6,0.003,mixture_pi05,1.0,0.992,0.90585,1.0,5.0,4.0,6.0,8.0,7.95,9.0,10.0,9.0,10.0,3.0,3.0,4.0,0.322,0.2787,0.33954999999999996,20,0.8388698745050668,0.9999999999999999
calibration,100,0.7,mixture,mixture_pi05,0.6,0.006,mixture_pi05,1.0,1.0,0.91385,1.0,4.0,3.0,4.0,7.0,7.0,8.0,9.0,8.0,9.0,3.0,3.0,4.0,0.30849999999999994,0.26995,0.33060000000000006,20,0.8388698745050668,0.9999999999999999
calibration,100,0.7,mixture,mixture_pi05,0.6,0.01,mixture_pi05,1.0,0.997,0.93,1.0,3.0,3.0,4.0,7.0,6.0,7.0,8.0,8.0,8.0,4.0,3.0,4.0,0.31399999999999995,0.27190000000000003,0.3413000000000001,20,0.8388698745050668,0.9999999999999999
calibration,100,0.7,mixture,mixture_pi05,0.65,0.001,mixture_pi05,1.0,0.996,0.9208000000000001,1.0,7.0,5.0,9.350000000000005,11.0,9.0,13.350000000000005,13.0,11.0,15.300000000000004,4.0,4.0,5.0,0.2765,0.2467,0.29534999999999995,20,0.8388698745050668,0.9999999999999999
calibration,100,0.7,mixture,mixture_pi05,0.65,0.003,mixture_pi05,1.0,0.9995,0.919,1.0,5.0,4.95,6.0,9.0,8.95,10.0,11.0,10.0,12.0,4.0,4.0,5.0,0.266,0.24355,0.2862,20,0.8388698745050668,0.9999999999999999
calibration,100,0.7,mixture,mixture_pi05,0.65,0.006,mixture_pi05,1.0,1.0,0.9568,1.0,4.0,3.95,5.0,8.0,8.0,9.0,10.0,9.0,11.0,4.0,4.0,5.0,0.2655,0.24255,0.2910499999999999,20,0.8388698745050668,0.9999999999999999
calibration,100,0.7,mixture,mixture_pi05,0.65,0.01,mixture_pi05,1.0,0.993,0.9138,1.0,4.0,3.0,4.0,8.0,7.0,8.05,9.0,9.0,10.0,4.0,4.0,5.0,0.275,0.24675,0.29019999999999996,20,0.8388698745050668,0.9999999999999999
calibration,100,0.7,mixture,mixture_pi05,0.7,0.001,mixture_pi05,1.0,0.9975,0.92705,1.0,7.0,6.0,10.100000000000001,12.0,11.95,15.100000000000001,14.0,13.95,17.1,5.0,5.0,6.0,0.22899999999999998,0.21180000000000007,0.24819999999999998,20,0.8388698745050668,0.9999999999999999
calibration,100,0.7,mixture,mixture_pi05,0.7,0.003,mixture_pi05,1.0,0.9975,0.91815,1.0,5.0,4.95,6.0,10.5,10.0,11.0,12.0,12.0,13.0,5.0,5.0,6.0,0.22649999999999998,0.21094999999999997,0.2412,20,0.8388698745050668,0.9999999999999999
calibration,100,0.7,mixture,mixture_pi05,0.7,0.006,mixture_pi05,1.0,0.996,0.9126,1.0,4.5,4.0,5.0,10.0,9.0,10.05,12.0,11.0,12.05,5.0,4.95,6.0,0.22749999999999998,0.21169999999999997,0.249,20,0.8388698745050668,0.9999999999999999
calibration,100,0.7,mixture,mixture_pi05,0.7,0.01,mixture_pi05,1.0,0.9955,0.9169,1.0,4.0,3.0,4.0,9.0,8.0,9.05,11.0,10.0,11.05,5.0,4.95,6.0,0.22549999999999998,0.20854999999999996,0.23954999999999999,20,0.8388698745050668,0.9999999999999999
calibration,100,0.7,mixture,mixture_pi05,0.75,0.001,mixture_pi05,1.0,0.97,0.92035,0.9981,8.0,6.0,9.100000000000001,14.0,13.0,16.1,17.0,15.0,18.1,7.0,6.0,7.0,0.19199999999999995,0.17690000000000006,0.20015000000000005,20,0.8388698745050668,0.9999999999999999
calibration,100,0.7,mixture,mixture_pi05,0.75,0.003,mixture_pi05,1.0,0.985,0.9157,1.0,6.0,5.0,6.050000000000001,12.0,11.0,13.05,15.0,13.95,16.0,6.5,6.0,7.050000000000001,0.185,0.17370000000000002,0.19530000000000006,20,0.8388698745050668,0.9999999999999999
calibration,100,0.7,mixture,mixture_pi05,0.75,0.006,mixture_pi05,1.0,0.981,0.9049,1.0,5.0,4.0,5.050000000000001,11.0,11.0,12.05,14.0,13.0,15.0,7.0,6.0,7.0,0.1885,0.17294999999999994,0.20109999999999995,20,0.8388698745050668,0.9999999999999999
calibration,100,0.7,mixture,mixture_pi05,0.75,0.01,mixture_pi05,1.0,0.963,0.9099499999999999,1.0,4.0,3.95,5.0,11.0,10.0,11.0,13.0,12.95,14.0,7.0,6.0,7.0,0.18849999999999995,0.16975000000000004,0.20214999999999997,20,0.8388698745050668,0.9999999999999999
calibration,100,0.7,mixture,mixture_pi05,0.8,0.001,mixture_pi05,1.0,0.972,0.91545,1.0,7.0,7.0,13.0,16.0,15.0,22.0,20.0,18.950000000000003,25.0,9.0,8.0,9.05,0.14399999999999996,0.1389,0.15215000000000004,20,0.8388698745050668,0.9999999999999999
calibration,100,0.7,mixture,mixture_pi05,0.8,0.003,mixture_pi05,1.0,0.9704999999999999,0.91815,0.9981,6.5,5.0,8.05,16.0,14.0,17.05,19.0,18.0,21.05,9.0,8.0,10.0,0.14250000000000002,0.137,0.15009999999999993,20,0.8388698745050668,0.9999999999999999
calibration,100,0.7,mixture,mixture_pi05,0.8,0.006,mixture_pi05,1.0,0.966,0.9237500000000001,0.99805,5.0,4.95,6.0,14.0,13.0,15.0,17.0,17.0,18.0,9.0,8.0,10.0,0.14549999999999996,0.13565000000000002,0.1501,20,0.8388698745050668,0.9999999999999999
calibration,100,0.7,mixture,mixture_pi05,0.8,0.01,mixture_pi05,1.0,0.9664999999999999,0.907,1.0,5.0,4.0,5.050000000000001,13.0,13.0,14.05,17.0,16.0,18.0,9.0,8.0,9.0,0.14499999999999996,0.13785,0.15404999999999994,20,0.8388698745050668,0.9999999999999999
calibration,100,0.7,mixture,mixture_pi05,0.85,0.001,mixture_pi05,0.95,0.94,0.8569,0.9774499999999999,9.0,7.0,10.400000000000006,22.0,20.9,23.400000000000006,27.0,25.900000000000002,28.500000000000007,13.0,12.0,14.0,0.09799999999999998,0.08455000000000007,0.10604999999999999,20,0.7638641064874331,0.9911187805671268
calibration,100,0.7,mixture,mixture_pi05,0.85,0.003,mixture_pi05,1.0,0.9484999999999999,0.90885,0.9910500000000001,7.0,6.0,9.0,20.0,18.950000000000003,22.0,25.0,24.0,27.0,13.0,12.0,14.0,0.09799999999999998,0.09399999999999997,0.10234999999999998,20,0.8388698745050668,0.9999999999999999
calibration,100,0.7,mixture,mixture_pi05,0.85,0.006,mixture_pi05,1.0,0.972,0.902,0.98445,6.0,5.0,7.050000000000001,19.0,18.0,20.05,24.5,23.0,26.0,13.0,12.0,14.0,0.09699999999999998,0.09289999999999998,0.10224999999999998,20,0.8388698745050668,0.9999999999999999
calibration,100,0.7,mixture,mixture_pi05,0.85,0.01,mixture_pi05,1.0,0.94,0.90295,0.98425,5.0,4.95,6.0,18.0,17.95,19.0,23.0,23.0,24.0,13.0,12.0,13.05,0.09650000000000003,0.09289999999999997,0.10304999999999997,20,0.8388698745050668,0.9999999999999999
calibration,100,0.7,mixture,mixture_pi05,0.9,0.001,mixture_pi05,1.0,0.9255,0.90285,0.9481999999999999,10.0,7.95,12.05,35.0,32.95,37.0,46.0,43.9,48.0,25.0,23.9,26.05,0.052000000000000046,0.04680000000000004,0.05600000000000005,20,0.8388698745050668,0.9999999999999999
calibration,100,0.7,mixture,mixture_pi05,0.9,0.003,mixture_pi05,1.0,0.9355,0.9152,0.9505,7.0,6.0,9.0,33.0,30.95,34.05,44.0,40.949999999999996,45.050000000000004,25.0,24.0,27.0,0.04949999999999999,0.04674999999999994,0.061999999999999944,20,0.8388698745050668,0.9999999999999999
calibration,100,0.7,mixture,mixture_pi05,0.9,0.006,mixture_pi05,1.0,0.921,0.9019,0.9461499999999999,7.0,5.0,8.0,31.5,29.950000000000003,34.0,42.0,40.0,45.0,25.0,23.0,27.05,0.051500000000000046,0.04595000000000004,0.056249999999999946,20,0.8388698745050668,0.9999999999999999
calibration,100,0.7,mixture,mixture_pi05,0.9,0.01,mixture_pi05,1.0,0.9255,0.90685,0.9401499999999999,6.0,5.0,7.0,30.0,29.0,32.05,41.0,39.0,43.05,25.0,23.95,26.0,0.050000000000000044,0.04590000000000004,0.055999999999999946,20,0.8388698745050668,0.9999999999999999
calibration,100,0.7,mixture,mixture_pi05,0.95,0.001,mixture_pi05,0.0,0.667,0.63495,0.6971499999999999,9.0,7.9,13.05,66.0,59.95,71.3,,,,56.5,51.85,59.2,0.024,0.01795,0.027050000000000005,20,0.0,0.1611301254949332
calibration,100,0.7,mixture,mixture_pi05,0.95,0.003,mixture_pi05,0.0,0.677,0.6415000000000001,0.704,7.0,6.0,8.100000000000001,65.0,60.9,68.0,,,,58.0,53.0,61.0,0.025500000000000002,0.019950000000000002,0.03,20,0.0,0.1611301254949332
calibration,100,0.7,mixture,mixture_pi05,0.95,0.006,mixture_pi05,0.0,0.6785000000000001,0.65945,0.7138,6.0,6.0,7.0,62.5,56.0,66.1,,,,56.0,50.0,59.15,0.0245,0.018950000000000005,0.0292,20,0.0,0.1611301254949332
calibration,100,0.7,mixture,mixture_pi05,0.95,0.01,mixture_pi05,0.0,0.6725000000000001,0.6435500000000001,0.70205,6.0,5.0,7.050000000000001,62.0,57.949999999999996,72.0,,,,56.5,52.9,65.0,0.0245,0.02095,0.03205,20,0.0,0.1611301254949332
calibration,100,0.7,mixture,mixture_pi05,0.9525,0.001,mixture_pi05,0.0,0.6685000000000001,0.63455,0.69505,9.0,7.95,11.0,66.5,61.95,70.19999999999999,,,,57.0,52.949999999999996,62.1,0.023,0.018000000000000002,0.0261,20,0.0,0.1611301254949332
calibration,100,0.7,mixture,mixture_pi05,0.9525,0.003,mixture_pi05,0.0,0.67,0.6507499999999999,0.72905,8.0,6.0,9.0,65.0,60.85,69.10000000000001,,,,57.5,51.9,62.05,0.024999999999999998,0.01995,0.02905,20,0.0,0.1611301254949332
calibration,100,0.7,mixture,mixture_pi05,0.9525,0.006,mixture_pi05,0.0,0.682,0.6405000000000001,0.71705,6.0,5.949999999999999,8.0,64.0,56.95,73.05000000000001,,,,57.5,50.949999999999996,66.1,0.024,0.020950000000000003,0.032049999999999995,20,0.0,0.1611301254949332
calibration,100,0.7,mixture,mixture_pi05,0.9525,0.01,mixture_pi05,0.0,0.6875,0.6468,0.7172499999999999,6.0,5.0,6.050000000000001,63.0,57.9,68.1,,,,57.5,52.849999999999994,62.1,0.025000000000000005,0.02175,0.0301,20,0.0,0.1611301254949332
